mc	mn	onset	duration	gracenote	nominal_duration	scalar	tied	tpc	midi	staff	voice	volta
1	1	0	1.0		1.0	1		2	62	2	1	
2	2	0	1/2		1/2	1		2	62	2	1	
2	2	1/2	1/2		1/2	1		2	62	2	1	
3	3	0	1/2		1/2	1		7	61	2	1	
3	3	1/2	1/2		1/2	1		0	60	2	1	
4	4	0	1/2		1/2	1		5	59	2	1	
4	4	1/2	1/2		1/2	1		-2	58	2	1	
5	5	0	1/2		1/2	1		3	57	2	1	
5	5	0	1.0		1.0	1		3	69	1	2	
5	5	3/4	1/4		1/4	1		2	62	2	1	
6	6	0	1/4		1/4	1		3	57	2	1	
6	6	0	1/2		1/2	1		3	69	1	2	
6	6	1/4	1/4		1/4	1		5	59	2	1	
6	6	1/2	1/4		1/4	1		0	60	2	1	
6	6	1/2	1/2		1/2	1		3	69	1	2	
6	6	3/4	1/4		1/4	1		2	62	2	1	
7	7	0	1/4		1/4	1		4	64	2	1	
7	7	0	1/2		1/2	1		8	68	1	2	
7	7	1/4	1/2		1/2	1		5	59	2	1	
7	7	1/2	1/2		1/2	1		1	67	1	2	
7	7	3/4	1/4		1/4	1		7	61	2	1	
8	8	0	1/4		1/4	1		2	62	2	1	
8	8	0	1/2		1/2	1		6	66	1	2	
8	8	1/4	1/2		1/2	1		3	57	2	1	
8	8	1/2	1/2		1/2	1		-1	65	1	2	
8	8	3/4	1/4		1/4	1		5	59	2	1	
9	9	0	1/16		1/16	1		0	60	2	1	
9	9	0	1/2		1/2	1		4	64	1	2	
9	9	1/16	1/16		1/16	1		5	59	2	1	
9	9	1/8	1/16		1/16	1		3	57	2	1	
9	9	3/16	1/16		1/16	1		5	59	2	1	
9	9	1/4	1/16		1/16	1		0	60	2	1	
9	9	5/16	1/16		1/16	1		3	57	2	1	
9	9	3/8	1/16		1/16	1		5	59	2	1	
9	9	7/16	1/16		1/16	1		1	55	2	1	
9	9	1/2	1/2		1/2	1		2	50	3	1	
9	9	1/2	1/16		1/16	1		3	57	2	1	
9	9	9/16	1/16		1/16	1		1	55	2	1	
9	9	5/8	1/16		1/16	1		-1	53	2	1	
9	9	11/16	1/16		1/16	1		1	55	2	1	
9	9	3/4	1/16		1/16	1		3	57	2	1	
9	9	3/4	1/4		1/4	1		3	69	1	2	
9	9	13/16	1/16		1/16	1		-1	53	2	1	
9	9	7/8	1/16		1/16	1		1	55	2	1	
9	9	15/16	1/16		1/16	1		4	52	2	1	
10	10	0	1/2		1/2	1		2	50	3	1	
10	10	0	1/4		1/4	1		-1	53	2	1	
10	10	0	1/4		1/4	1		2	62	1	2	
10	10	1/4	1/4		1/4	1		1	55	2	1	
10	10	1/4	1/4		1/4	1		4	64	1	2	
10	10	1/2	1/2		1/2	1		2	50	3	1	
10	10	1/2	1/4		1/4	1		3	57	2	1	
10	10	1/2	1/4		1/4	1		-1	65	1	2	
10	10	3/4	1/8		1/8	1		1	55	2	1	
10	10	3/4	1/4		1/4	1		1	67	1	2	
10	10	7/8	1/8		1/8	1		-1	53	2	1	
11	11	0	1/2		1/2	1		7	49	3	1	
11	11	0	3/8		1/4	3/2		4	52	2	1	
11	11	0	1/4		1/4	1		3	69	1	2	
11	11	1/4	1/2		1/2	1		4	64	1	2	
11	11	3/8	1/8		1/8	1		6	54	2	1	
11	11	1/2	1/2		1/2	1		0	48	3	1	
11	11	1/2	1/4		1/4	1		1	55	2	1	
11	11	3/4	1/4		1/4	1		3	57	2	1	
11	11	3/4	1/4		1/4	1		6	66	1	2	
12	12	0	1/2		1/2	1		5	47	3	1	
12	12	0	3/8		1/4	3/2		2	50	2	1	
12	12	0	1/4		1/4	1		1	67	1	2	
12	12	1/4	1/2		1/2	1		2	62	1	2	
12	12	3/8	1/8		1/8	1		4	52	2	1	
12	12	1/2	1/2		1/2	1		-2	46	3	1	
12	12	1/2	1/4		1/4	1		-1	53	2	1	
12	12	3/4	1/4		1/4	1		1	55	2	1	
12	12	3/4	1/4		1/4	1		4	64	1	2	
13	13	0	1/2		1/2	1		3	45	3	1	
13	13	0	1/4		1/4	1		3	57	2	1	
13	13	0	1/8		1/8	1		-1	65	1	2	
13	13	1/8	1/16		1/16	1		1	67	1	2	
13	13	3/16	1/16		1/16	1		-1	65	1	2	
13	13	1/4	1/4		1/4	1		1	55	2	1	
13	13	1/4	1/4		1/4	1	1	4	64	1	2	
13	13	1/2	1/2		1/2	1		-1	53	2	2	
13	13	1/2	1/2		1/2	1		3	57	2	1	
13	13	1/2	1/8		1/8	1	-1	4	64	1	2	
13	13	5/8	1/16		1/16	1		2	62	1	2	
13	13	11/16	1/16		1/16	1		0	60	1	2	
13	13	3/4	1/4		1/4	1		2	50	3	1	
13	13	3/4	1/16		1/16	1		2	62	1	2	
13	13	13/16	1/16		1/16	1		4	64	1	2	
13	13	7/8	1/16		1/16	1		-1	65	1	2	
13	13	15/16	1/16		1/16	1		2	62	1	2	
14	14	0	1/4		1/4	1		3	45	3	1	
14	14	0	1/2		1/2	1		3	57	2	1	
14	14	0	1/2		1/2	1		0	60	1	2	
14	14	0	1.0		1.0	1		4	64	1	3	
14	14	1/4	1/4		1/4	1		5	47	3	1	
14	14	1/2	1/4		1/4	1		0	48	3	1	
14	14	1/2	1/2		1/2	1		3	57	2	1	
14	14	3/4	1/4		1/4	1		2	50	3	1	
15	15	0	1/4		1/4	1		4	52	3	1	
15	15	0	1/2		1/2	1		8	56	2	1	
15	15	0	3/8		1/4	3/2		5	59	1	2	
15	15	1/4	1/2		1/2	1		5	47	3	1	
15	15	3/8	1/8		1/8	1		7	61	1	2	
15	15	1/2	1/2		1/2	1		1	55	2	1	
15	15	1/2	1/4		1/4	1		2	62	1	2	
15	15	3/4	1/4		1/4	1		7	49	3	1	
15	15	3/4	1/4		1/4	1		4	64	1	2	
16	16	0	1/4		1/4	1		2	50	3	1	
16	16	0	1/2		1/2	1		6	54	2	1	
16	16	0	3/8		1/4	3/2		3	57	1	2	
16	16	1/4	1/2		1/2	1		3	45	3	1	
16	16	3/8	1/8		1/8	1		5	59	1	2	
16	16	1/2	1/2		1/2	1		-1	53	2	1	
16	16	1/2	1/4		1/4	1		0	60	1	2	
16	16	3/4	1/4		1/4	1		5	47	3	1	
16	16	3/4	1/4		1/4	1		2	62	1	2	
17	17	0	1/2		1/2	1		7	49	3	1	
17	17	0	1/2		1/2	1		4	52	2	1	
17	17	0	1/8		1/8	1		4	64	1	2	
17	17	1/8	1/8		1/8	1		3	69	1	2	
17	17	1/4	1/8		1/8	1		4	64	1	2	
17	17	3/8	1/8		1/8	1		1	67	1	2	
17	17	1/2	1/2		1/2	1		2	50	3	1	
17	17	1/2	1/2		1/2	1		-1	65	1	2	
17	17	1/2	1/2		1/2	1		2	74	1	1	
17	17	3/4	1/4		1/4	1		3	57	2	1	
18	18	0	1.0		1.0	1		-2	46	3	1	
18	18	0	1/4		1/4	1		2	50	2	1	
18	18	0	1/8		1/8	1		-1	65	1	2	
18	18	0	1/2		1/2	1		2	74	1	1	
18	18	1/8	1/16		1/16	1		1	67	1	2	
18	18	3/16	1/16		1/16	1		-1	65	1	2	
18	18	1/4	1/4		1/4	1		4	52	2	1	
18	18	1/4	1/8		1/8	1		4	64	1	2	
18	18	3/8	1/16		1/16	1		-1	65	1	2	
18	18	7/16	1/16		1/16	1		4	64	1	2	
18	18	1/2	1/4		1/4	1		-1	53	2	1	
18	18	1/2	1/2		1/2	1		2	62	1	2	
18	18	1/2	1/2		1/2	1		2	74	1	1	
18	18	3/4	1/4		1/4	1		1	55	2	1	
19	19	0	1.0		1.0	1		3	45	3	1	
19	19	0	1/4		1/4	1		3	57	2	1	
19	19	0	1/2		1/2	1		7	73	1	1	
19	19	1/4	1/2		1/2	1		4	52	2	1	
19	19	1/2	1/2		1/2	1		0	72	1	1	
19	19	3/4	1/4		1/4	1		6	54	2	1	
19	19	3/4	1/4		1/4	1		3	69	1	2	
20	20	0	1/4		1/4	1		1	55	2	1	
20	20	0	3/8		1/4	3/2		2	62	1	2	
20	20	0	1/2		1/2	1		5	71	1	1	
20	20	1/4	1/2		1/2	1		2	50	2	1	
20	20	3/8	1/8		1/8	1		4	64	1	2	
20	20	1/2	1/4		1/4	1		-1	65	1	2	
20	20	1/2	1/2		1/2	1		-2	70	1	1	
20	20	3/4	1/4		1/4	1		4	52	2	1	
20	20	3/4	1/4		1/4	1		1	67	1	2	
21	21	0	1/16		1/16	1		-1	53	2	1	
21	21	0	1/4		1/4	1		0	60	1	2	
21	21	0	1/2		1/2	1		3	69	1	1	
21	21	1/16	1/16		1/16	1		1	55	2	1	
21	21	1/8	1/16		1/16	1		3	57	2	1	
21	21	3/16	1/16		1/16	1		1	55	2	1	
21	21	1/4	1/16		1/16	1		-1	53	2	1	
21	21	1/4	1/4		1/4	1		-1	65	1	2	
21	21	5/16	1/16		1/16	1		1	55	2	1	
21	21	3/8	1/16		1/16	1		3	57	2	1	
21	21	7/16	1/16		1/16	1		5	59	2	1	
21	21	1/2	1/2		1/2	1		3	57	3	1	
21	21	1/2	3/8		1/4	3/2		0	60	2	1	
21	21	1/2	1/2		1/2	1		4	64	1	2	
21	21	3/4	1/4		1/4	1		4	76	1	1	
21	21	7/8	1/8		1/8	1		5	59	2	1	
22	22	0	1/2		1/2	1		3	57	3	1	
22	22	0	1/4		1/4	1		0	60	2	1	
22	22	0	1/4		1/4	1		3	69	1	1	
22	22	1/4	1/4		1/4	1		2	62	2	1	
22	22	1/4	1/4		1/4	1		5	71	1	1	
22	22	1/2	1/2		1/2	1		3	57	3	1	
22	22	1/2	1/4		1/4	1		4	64	2	1	
22	22	1/2	1/4		1/4	1		0	72	1	1	
22	22	3/4	1/8		1/8	1		2	62	2	1	
22	22	3/4	1/4		1/4	1		2	74	1	1	
22	22	7/8	1/8		1/8	1		0	60	2	1	
23	23	0	1/2		1/2	1		8	56	3	1	
23	23	0	3/8		1/4	3/2		5	59	2	1	
23	23	0	1/4		1/4	1		4	76	1	1	
23	23	1/4	1/2		1/2	1		5	71	1	1	
23	23	3/8	1/8		1/8	1		7	61	2	1	
23	23	1/2	1/2		1/2	1		1	55	3	1	
23	23	1/2	1/4		1/4	1		2	62	2	1	
23	23	3/4	1/4		1/4	1		4	64	2	1	
23	23	3/4	1/4		1/4	1		7	73	1	1	
24	24	0	1/2		1/2	1		6	54	3	1	
24	24	0	3/8		1/4	3/2		3	57	2	1	
24	24	0	1/4		1/4	1		2	74	1	1	
24	24	1/4	1/2		1/2	1		3	69	1	1	
24	24	3/8	1/8		1/8	1		5	59	2	1	
24	24	1/2	1/2		1/2	1		-1	53	3	1	
24	24	1/2	1/4		1/4	1		0	60	2	1	
24	24	3/4	1/4		1/4	1		2	62	2	1	
24	24	3/4	1/4		1/4	1		5	71	1	1	
25	25	0	1/2		1/2	1		4	52	3	1	
25	25	0	1/4		1/4	1		4	64	2	1	
25	25	0	1/8		1/8	1		0	72	1	1	
25	25	1/8	1/16		1/16	1		2	74	1	1	
25	25	3/16	1/16		1/16	1		0	72	1	1	
25	25	1/4	1/4		1/4	1		2	62	2	1	
25	25	1/4	1/8		1/8	1		5	71	1	1	
25	25	3/8	1/16		1/16	1		0	72	1	1	
25	25	7/16	1/16		1/16	1		5	71	1	1	
25	25	1/2	1/2		1/2	1		3	57	3	1	
25	25	1/2	1/4		1/4	1		0	60	2	1	
25	25	1/2	1/8		1/8	1		3	69	1	1	
25	25	5/8	1/16		1/16	1		1	67	1	1	
25	25	11/16	1/16		1/16	1		-1	65	1	1	
25	25	3/4	1/4		1/4	1		5	59	2	1	
25	25	3/4	1/16		1/16	1		4	64	1	1	
25	25	13/16	1/16		1/16	1		-1	65	1	1	
25	25	7/8	1/16		1/16	1		1	67	1	1	
25	25	15/16	1/16		1/16	1		4	64	1	1	
26	26	0	1/4		1/4	1		2	50	3	1	
26	26	0	1.0		1.0	1		3	57	2	1	
26	26	0	1/2		1/2	1		2	62	1	2	
26	26	0	1/4		1/4	1		-1	65	1	1	
26	26	1/4	1/4		1/4	1		4	52	3	1	
26	26	1/4	1/4		1/4	1		1	67	1	1	
26	26	1/2	1/4		1/4	1		-1	53	3	1	
26	26	1/2	1/4		1/4	1		2	62	1	2	
26	26	1/2	1/4		1/4	1		3	69	1	1	
26	26	3/4	1/4		1/4	1		1	55	3	1	
26	26	3/4	1/4		1/4	1		2	62	1	2	
26	26	3/4	1/8		1/8	1		1	67	1	1	
26	26	7/8	1/8		1/8	1		-1	65	1	1	
27	27	0	1/4		1/4	1		3	57	3	1	
27	27	0	1/2		1/2	1		7	61	1	2	
27	27	0	3/8		1/4	3/2		4	64	1	1	
27	27	1/4	1/2		1/2	1		4	52	3	1	
27	27	3/8	1/8		1/8	1		6	66	1	1	
27	27	1/2	1/2		1/2	1		0	60	1	2	
27	27	1/2	1/4		1/4	1		1	67	1	1	
27	27	3/4	1/4		1/4	1		6	54	3	1	
27	27	3/4	1/4		1/4	1		3	69	1	1	
28	28	0	1/4		1/4	1		1	55	3	1	
28	28	0	1/2		1/2	1		5	59	1	2	
28	28	0	3/8		1/4	3/2		2	62	1	1	
28	28	1/4	1/2		1/2	1		2	50	3	1	
28	28	3/8	1/8		1/8	1		4	64	1	1	
28	28	1/2	1/2		1/2	1		-2	58	1	2	
28	28	1/2	1/4		1/4	1		-1	65	1	1	
28	28	3/4	1/4		1/4	1		4	52	3	1	
28	28	3/4	1/4		1/4	1		1	67	1	1	
29	29	0	1.0		1.0	1		-1	53	3	1	
29	29	0	1/2		1/2	1		3	57	1	2	
29	29	0	1/4		1/4	1		0	60	1	1	
29	29	1/4	1/4		1/4	1		3	57	2	1	
29	29	1/4	1/16		1/16	1		2	62	1	1	
29	29	5/16	1/16		1/16	1		4	64	1	1	
29	29	3/8	1/16		1/16	1		-1	65	1	1	
29	29	7/16	1/16		1/16	1		1	67	1	1	
29	29	1/2	3/8		1/4	3/2		2	50	2	1	
29	29	1/2	1/2		1/2	1		3	69	1	1	
29	29	3/4	1/4		1/4	1		2	62	1	2	
29	29	7/8	1/8		1/8	1		4	52	2	1	
30	30	0	1/4		1/4	1		-1	53	2	1	
30	30	0	1/4		1/4	1		3	57	1	2	
30	30	0	1/2		1/2	1		3	69	1	1	
30	30	1/4	1/4		1/4	1		1	55	2	1	
30	30	1/4	1/4		1/4	1		5	59	1	2	
30	30	1/2	1/2		1/2	1		3	57	2	1	
30	30	1/2	1/4		1/4	1		7	61	1	2	
30	30	1/2	1/2		1/2	1		3	69	1	1	
30	30	3/4	1/4		1/4	1		2	62	1	2	
31	31	0	3/8		1/4	3/2		4	52	2	1	
31	31	0	1/4		1/4	1		4	64	1	2	
31	31	0	1/2		1/2	1		8	68	1	1	
31	31	1/4	1/2		1/2	1		5	59	1	2	
31	31	3/8	1/8		1/8	1		6	54	2	1	
31	31	1/2	1/4		1/4	1		1	55	2	1	
31	31	1/2	1/2		1/2	1		1	67	1	1	
31	31	3/4	1/4		1/4	1		4	52	2	1	
31	31	3/4	1/4		1/4	1		7	61	1	2	
32	32	0	3/8		1/4	3/2		2	50	2	1	
32	32	0	1/4		1/4	1		2	62	1	2	
32	32	0	1/2		1/2	1		6	66	1	1	
32	32	1/4	1/2		1/2	1		3	57	1	2	
32	32	3/8	1/8		1/8	1		4	52	2	1	
32	32	1/2	1/4		1/4	1		-1	53	2	1	
32	32	1/2	1/2		1/2	1		-1	65	1	1	
32	32	3/4	1/4		1/4	1		2	50	2	1	
32	32	3/4	1/4		1/4	1		5	59	1	2	
33	33	0	3/8		1/4	3/2		3	57	2	1	
33	33	0	1/8		1/8	1		7	61	1	2	
33	33	0	1/2		1/2	1		4	64	1	1	
33	33	1/8	1/8		1/8	1		2	62	1	2	
33	33	1/4	1/4		1/4	1		4	64	1	2	
33	33	3/8	1/8		1/8	1		1	55	2	1	
33	33	1/2	1/8		1/8	1		6	54	2	1	
33	33	1/2	1/4		1/4	1		2	62	1	2	
33	33	5/8	1/16		1/16	1		1	55	2	1	
33	33	11/16	1/16		1/16	1		6	54	2	1	
33	33	3/4	1/16		1/16	1		1	55	2	1	
33	33	3/4	1/4		1/4	1		0	60	1	2	
33	33	3/4	1/4		1/4	1		3	69	1	1	
33	33	13/16	1/16		1/16	1		6	54	2	1	
33	33	7/8	1/16		1/16	1		4	52	2	1	
33	33	15/16	1/16		1/16	1		6	54	2	1	
34	34	0	1/2		1/2	1		1	55	2	1	
34	34	0	1/2		1/2	1		-2	58	1	2	
34	34	0	1/4		1/4	1		2	62	1	1	
34	34	1/4	1/4		1/4	1		4	64	1	1	
34	34	1/2	1/2		1/2	1		2	50	3	1	
34	34	1/2	1/4		1/4	1		-1	53	2	1	
34	34	1/2	1/2		1/2	1		3	57	1	2	
34	34	1/2	1/4		1/4	1		-1	65	1	1	
34	34	3/4	1/4		1/4	1		4	52	2	1	
34	34	3/4	1/4		1/4	1		1	67	1	1	
35	35	0	1/4		1/4	1		2	50	2	1	
35	35	0	1/2		1/2	1		2	50	3	1	
35	35	0	1.0		1.0	1		-1	65	1	2	
35	35	0	1/4		1/4	1		3	69	1	1	
35	35	1/4	1/4		1/4	1		4	52	2	1	
35	35	1/4	1/4		1/4	1		1	67	1	1	
35	35	1/2	1/2		1/2	1		2	50	3	1	
35	35	1/2	1/4		1/4	1		-1	53	2	1	
35	35	1/2	1/4		1/4	1		3	69	1	1	
35	35	3/4	1/4		1/4	1		1	55	2	1	
35	35	3/4	1/4		1/4	1		5	71	1	1	
36	36	0	1/2		1/2	1		7	49	3	1	
36	36	0	1/4		1/4	1		3	57	2	1	
36	36	0	3/8		1/4	3/2		4	64	1	2	
36	36	0	3/8		1/4	3/2		7	73	1	1	
36	36	1/4	1/2		1/2	1		4	52	2	1	
36	36	3/8	1/8		1/8	1		-1	65	1	2	
36	36	3/8	1/8		1/8	1		2	74	1	1	
36	36	1/2	1/2		1/2	1		0	48	3	1	
36	36	1/2	1/4		1/4	1		1	67	1	2	
36	36	1/2	1/2		1/2	1		4	76	1	1	
36	36	3/4	1/4		1/4	1		6	54	2	1	
36	36	3/4	1/4		1/4	1		3	69	1	2	
37	37	0	1/2		1/2	1		5	47	3	1	
37	37	0	1/4		1/4	1		1	55	2	1	
37	37	0	3/8		1/4	3/2		2	62	1	2	
37	37	0	1.0		1.0	1		2	74	1	1	
37	37	1/4	1/2		1/2	1		2	50	2	1	
37	37	3/8	1/8		1/8	1		4	64	1	2	
37	37	1/2	1/2		1/2	1		-2	46	3	1	
37	37	1/2	1/4		1/4	1		-1	65	1	2	
37	37	3/4	1/4		1/4	1		4	52	2	1	
37	37	3/4	1/4		1/4	1		1	67	1	2	
38	38	0	1/2		1/2	1		3	45	3	1	
38	38	0	1/4		1/4	1		-1	53	2	1	
38	38	0	3/8		1/4	3/2		3	69	1	2	
38	38	0	1/2		1/2	1		0	72	1	1	
38	38	1/4	1/4		1/4	1		4	52	2	1	
38	38	3/8	1/8		1/8	1		1	67	1	2	
38	38	1/2	1/8		1/8	1		-1	53	2	1	
38	38	1/2	1/4		1/4	1		-1	65	1	2	
38	38	1/2	1/2		1/2	1		3	69	1	1	
38	38	5/8	1/8		1/8	1		1	55	2	1	
38	38	3/4	1/4		1/4	1		2	50	3	1	
38	38	3/4	1/8		1/8	1		3	57	2	1	
38	38	3/4	1/8		1/8	1		4	64	1	2	
38	38	7/8	1/8		1/8	1		5	59	2	1	
38	38	7/8	1/8		1/8	1		2	62	1	2	
39	39	0	1/4		1/4	1		3	45	3	1	
39	39	0	1/2		1/2	1		0	60	2	1	
39	39	0	1/2		1/2	1		4	64	1	2	
39	39	0	1/2		1/2	1		3	69	1	1	
39	39	1/4	1/4		1/4	1		5	47	3	1	
39	39	1/2	1/4		1/4	1		0	48	3	1	
39	39	1/2	1/2		1/2	1		0	60	2	1	
39	39	1/2	1/2		1/2	1		4	64	1	2	
39	39	1/2	1/2		1/2	1		3	69	1	1	
39	39	3/4	1/4		1/4	1		2	50	3	1	
40	40	0	1/4		1/4	1		4	52	3	1	
40	40	0	1/2		1/2	1		5	59	2	1	
40	40	0	1/4		1/4	1		4	64	1	2	
40	40	0	1/2		1/2	1		8	68	1	1	
40	40	1/4	1/2		1/2	1		5	47	3	1	
40	40	1/4	1/8		1/8	1		2	62	1	2	
40	40	3/8	1/8		1/8	1		0	60	1	2	
40	40	1/2	1/4		1/4	1		5	59	2	1	
40	40	1/2	1/4		1/4	1		2	62	1	2	
40	40	1/2	1/2		1/2	1		1	67	1	1	
40	40	3/4	1/4		1/4	1		7	49	3	1	
40	40	3/4	1/4		1/4	1		4	52	2	1	
40	40	3/4	1/4		1/4	1		4	64	1	2	
41	41	0	1/4		1/4	1		2	50	3	1	
41	41	0	1/2		1/2	1		3	57	2	1	
41	41	0	1/4		1/4	1		2	62	1	2	
41	41	0	1/2		1/2	1		6	66	1	1	
41	41	1/4	1/2		1/2	1		3	45	3	1	
41	41	1/4	1/8		1/8	1		0	60	1	2	
41	41	3/8	1/8		1/8	1		5	59	1	2	
41	41	1/2	1/4		1/4	1		3	57	2	1	
41	41	1/2	1/4		1/4	1		0	60	1	2	
41	41	1/2	1/2		1/2	1		-1	65	1	1	
41	41	3/4	1/4		1/4	1		5	47	3	1	
41	41	3/4	1/4		1/4	1		2	50	2	1	
41	41	3/4	1/4		1/4	1		2	62	1	2	
42	42	0	1/2		1/2	1		0	48	3	1	
42	42	0	1/2		1/2	1		4	52	2	1	
42	42	0	1/4		1/4	1		1	55	1	2	
42	42	0	1/2		1/2	1		4	64	1	1	
42	42	1/4	1/16		1/16	1		3	57	1	2	
42	42	5/16	1/16		1/16	1		5	59	1	2	
42	42	3/8	1/16		1/16	1		0	60	1	2	
42	42	7/16	1/16		1/16	1		2	62	1	2	
42	42	1/2	1/2		1/2	1		3	45	3	1	
42	42	1/2	1/2		1/2	1		0	60	2	1	
42	42	1/2	1/2		1/2	1		4	64	1	2	
42	42	3/4	1/4		1/4	1		3	69	1	1	
43	43	0	1/2		1/2	1		0	60	2	1	
43	43	0	1/4		1/4	1		4	64	1	1	
43	43	0	1/2		1/2	1		4	64	1	2	
43	43	1/4	1/4		1/4	1		6	66	1	1	
43	43	1/2	1/2		1/2	1		0	60	2	1	
43	43	1/2	1/2		1/2	1		4	64	1	2	
43	43	1/2	1/4		1/4	1		1	67	1	1	
43	43	3/4	1/4		1/4	1		3	69	1	1	
44	44	0	1.0		1.0	1		5	59	2	1	
44	44	0	1/2		1/2	1		9	63	1	2	
44	44	0	1/4		1/4	1		5	71	1	1	
44	44	1/4	1/2		1/2	1		6	66	1	1	
44	44	1/2	1/2		1/2	1		2	62	1	2	
44	44	3/4	1/4		1/4	1		8	68	1	1	
45	45	0	1.0		1.0	1		3	57	2	1	
45	45	0	1/2		1/2	1		7	61	1	2	
45	45	0	1/4		1/4	1		3	69	1	1	
45	45	1/4	1/2		1/2	1		4	64	1	1	
45	45	1/2	1/2		1/2	1		0	60	1	2	
45	45	3/4	1/4		1/4	1		6	66	1	1	
46	46	0	1.0		1.0	1		4	52	2	1	
46	46	0	1/2		1/2	1		5	59	1	2	
46	46	0	1/16		1/16	1		8	68	1	1	
46	46	1/16	1/16		1/16	1		3	69	1	1	
46	46	1/8	1/16		1/16	1		5	71	1	1	
46	46	3/16	1/16		1/16	1		4	64	1	1	
46	46	1/4	1/16		1/16	1		6	66	1	1	
46	46	5/16	1/16		1/16	1		8	68	1	1	
46	46	3/8	1/16		1/16	1		3	69	1	1	
46	46	7/16	1/16		1/16	1		8	68	1	1	
46	46	1/2	1/16		1/16	1		3	69	1	1	
46	46	9/16	1/16		1/16	1		8	68	1	1	
46	46	5/8	1/16		1/16	1		3	69	1	1	
46	46	11/16	1/16		1/16	1		8	68	1	1	
46	46	3/4	1/4		1/4	1		4	64	1	2	
46	46	3/4	1/16		1/16	1		3	69	1	1	
46	46	13/16	1/16		1/16	1		8	68	1	1	
46	46	7/8	1/16		1/16	1		6	66	1	1	
46	46	15/16	1/16		1/16	1		8	68	1	1	
47	47	0	1/4		1/4	1		3	57	1	2	
47	47	0	1/2		1/2	1		3	69	1	1	
47	47	1/4	1/4		1/4	1		5	59	1	2	
47	47	1/2	1/2		1/2	1		3	57	2	1	
47	47	1/2	1/8		1/8	1		0	60	1	2	
47	47	1/2	1/2		1/2	1		4	76	1	1	
47	47	5/8	1/8		1/8	1		2	62	1	2	
47	47	3/4	1/8		1/8	1		4	64	1	2	
47	47	7/8	1/8		1/8	1		-1	65	1	2	
48	48	0	1/4		1/4	1		4	52	2	1	
48	48	0	1/2		1/2	1		1	67	1	2	
48	48	0	1/2		1/2	1		4	76	1	1	
48	48	1/4	1/4		1/4	1		6	54	2	1	
48	48	1/2	1/4		1/4	1		1	55	2	1	
48	48	1/2	1/2		1/2	1		1	67	1	2	
48	48	1/2	1/2		1/2	1		4	76	1	1	
48	48	3/4	1/4		1/4	1		3	57	2	1	
49	49	0	1/4		1/4	1		5	59	2	1	
49	49	0	3/8		1/4	3/2		6	66	1	2	
49	49	0	1/2		1/2	1		9	75	1	1	
49	49	1/4	1/2		1/2	1		6	54	2	1	
49	49	3/8	1/8		1/8	1		1	67	1	2	
49	49	1/2	1/4		1/4	1		3	69	1	2	
49	49	1/2	1/2		1/2	1		2	74	1	1	
49	49	3/4	1/4		1/4	1		8	56	2	1	
49	49	3/4	1/4		1/4	1		5	71	1	2	
50	50	0	1/4		1/4	1		3	57	2	1	
50	50	0	3/8		1/4	3/2		4	64	1	2	
50	50	0	1/2		1/2	1		7	73	1	1	
50	50	1/4	1/2		1/2	1		4	52	2	1	
50	50	3/8	1/8		1/8	1		6	66	1	2	
50	50	1/2	1/4		1/4	1		1	67	1	2	
50	50	1/2	1/2		1/2	1		0	72	1	1	
50	50	3/4	1/4		1/4	1		6	54	2	1	
50	50	3/4	1/4		1/4	1		3	69	1	2	
51	51	0	1/2		1/2	1		1	55	2	1	
51	51	0	1/8		1/8	1		2	62	1	2	
51	51	0	1/2		1/2	1		5	71	1	1	
51	51	1/8	1/16		1/16	1		4	64	1	2	
51	51	3/16	1/16		1/16	1		6	66	1	2	
51	51	1/4	1/8		1/8	1		1	67	1	2	
51	51	3/8	1/8		1/8	1		2	62	1	2	
51	51	1/2	1/2		1/2	1		4	52	3	1	
51	51	1/2	1/2		1/2	1		4	64	1	2	
51	51	3/4	1/4		1/4	1		1	55	2	1	
51	51	3/4	1/4		1/4	1		5	71	1	1	
52	52	0	1/2		1/2	1		4	52	3	1	
52	52	0	1/4		1/4	1		1	55	2	1	
52	52	0	1/2		1/2	1		5	59	1	2	
52	52	0	1/4		1/4	1		4	64	1	1	
52	52	1/4	1/4		1/4	1		3	57	2	1	
52	52	1/4	1/4		1/4	1		6	66	1	1	
52	52	1/2	1/2		1/2	1		4	52	3	1	
52	52	1/2	1/4		1/4	1		5	59	2	1	
52	52	1/2	1/2		1/2	1		4	64	1	2	
52	52	1/2	1/4		1/4	1		1	67	1	1	
52	52	3/4	1/8		1/8	1		3	57	2	1	
52	52	3/4	1/4		1/4	1		3	69	1	1	
52	52	7/8	1/8		1/8	1		1	55	2	1	
53	53	0	1/2		1/2	1		9	51	3	1	
53	53	0	3/8		1/4	3/2		6	54	2	1	
53	53	0	1/4		1/4	1		5	71	1	1	
53	53	1/4	1/2		1/2	1		6	66	1	1	
53	53	3/8	1/8		1/8	1		1	55	2	1	
53	53	1/2	1/2		1/2	1		2	50	3	1	
53	53	1/2	1/4		1/4	1		3	57	2	1	
53	53	1/2	1/2		1/2	1		2	62	1	2	
53	53	3/4	1/4		1/4	1		5	59	2	1	
53	53	3/4	1/4		1/4	1		8	68	1	1	
54	54	0	1/2		1/2	1		7	49	3	1	
54	54	0	3/8		1/4	3/2		4	52	2	1	
54	54	0	3/4		1/2	3/2		4	64	1	2	
54	54	0	1/4		1/4	1		3	69	1	1	
54	54	1/4	1/2		1/2	1		4	64	1	1	
54	54	3/8	1/8		1/8	1		6	54	2	1	
54	54	1/2	1/2		1/2	1		0	48	3	1	
54	54	1/2	1/4		1/4	1		1	55	2	1	
54	54	3/4	1/4		1/4	1		3	57	2	1	
54	54	3/4	1/4		1/4	1		0	60	1	2	
54	54	3/4	1/4		1/4	1		6	66	1	1	
55	55	0	1/2		1/2	1		5	47	3	1	
55	55	0	1.0		1.0	1		2	50	2	1	
55	55	0	3/4		1/2	3/2		2	62	1	2	
55	55	0	1/4		1/4	1		1	67	1	1	
55	55	1/4	1/8		1/8	1		-1	65	1	1	
55	55	3/8	1/8		1/8	1		4	64	1	1	
55	55	1/2	1/2		1/2	1		2	50	3	1	
55	55	1/2	1/4		1/4	1		-1	65	1	1	
55	55	3/4	1/4		1/4	1		4	64	1	2	
55	55	3/4	1/4		1/4	1		1	67	1	1	
56	56	0	1/2		1/2	1		2	50	3	1	
56	56	0	3/8		1/4	3/2		-1	65	1	2	
56	56	0	1/2		1/2	1		3	69	1	1	
56	56	3/8	1/8		1/8	1		4	64	1	2	
56	56	1/2	1/2		1/2	1		2	50	3	1	
56	56	1/2	1/2		1/2	1		3	57	2	1	
56	56	1/2	1/32		1/32	1		-1	65	1	2	
56	56	17/32	1/32		1/32	1		2	62	1	2	
56	56	9/16	1/32		1/32	1		4	64	1	2	
56	56	19/32	1/32		1/32	1		-1	65	1	2	
56	56	5/8	1/32		1/32	1		1	67	1	2	
56	56	21/32	1/32		1/32	1		3	69	1	2	
56	56	11/16	1/32		1/32	1		5	71	1	2	
56	56	23/32	1/32		1/32	1		0	72	1	2	
56	56	3/4	1/32		1/32	1		2	74	1	2	
56	56	25/32	1/32		1/32	1		0	72	1	2	
56	56	13/16	1/32		1/32	1		5	71	1	2	
56	56	27/32	1/32		1/32	1		3	69	1	2	
56	56	7/8	1/32		1/32	1		1	67	1	2	
56	56	29/32	1/32		1/32	1		-1	65	1	2	
56	56	15/16	1/32		1/32	1		4	64	1	2	
56	56	31/32	1/32		1/32	1		2	62	1	2	
57	57	0	1/2		1/2	1		7	49	3	1	
57	57	0	1/2		1/2	1		3	57	2	1	
57	57	0	1.0		1.0	1		4	64	1	2	
57	57	1/2	1/2		1/2	1		0	48	3	1	
57	57	1/2	1/2		1/2	1		3	57	2	1	
58	58	0	1/2		1/2	1		5	47	3	1	
58	58	0	1/2		1/2	1		8	56	2	1	
58	58	1/2	1/2		1/2	1		-2	46	3	1	
58	58	1/2	1/2		1/2	1		1	55	2	1	
58	58	1/2	1/2		1/2	1		2	62	1	2	
59	59	0	1.0		1.0	1	1	3	45	3	1	
59	59	0	1/2		1/2	1		6	54	2	1	
59	59	0	1/2		1/2	1		2	62	1	2	
59	59	1/2	1/2		1/2	1		-1	53	2	1	
59	59	1/2	1/2		1/2	1		2	62	1	2	
59	59	1/2	1/2		1/2	1		3	69	1	1	
60	60	0	1.0		1.0	1	-1	3	45	3	1	
60	60	0	3/4		1/2	3/2		4	52	2	1	
60	60	0	1/2		1/2	1		7	61	1	2	
60	60	0	1/2		1/2	1		3	69	1	1	
60	60	1/2	1/2		1/2	1		0	60	1	2	
60	60	1/2	1/2		1/2	1		3	69	1	1	
60	60	3/4	1/4		1/4	1		2	50	2	1	
61	61	0	3/8		1/4	3/2		4	52	2	1	
61	61	0	1/2		1/2	1		5	59	1	2	
61	61	0	1/2		1/2	1		8	68	1	1	
61	61	3/8	1/8		1/8	1		6	54	2	1	
61	61	1/2	1/4		1/4	1		1	55	2	1	
61	61	1/2	1/2		1/2	1		-2	58	1	2	
61	61	1/2	1/2		1/2	1		1	67	1	1	
61	61	3/4	1/4		1/4	1		1	55	2	1	
62	62	0	1/4		1/4	1		2	50	2	1	
62	62	0	3/4		1/2	3/2		3	57	1	2	
62	62	0	1/2		1/2	1		6	66	1	1	
62	62	1/4	1/4		1/4	1		4	52	2	1	
62	62	1/2	1/2		1/2	1		2	50	3	1	
62	62	1/2	1/4		1/4	1		-1	53	2	1	
62	62	1/2	1/2		1/2	1		-1	65	1	1	
62	62	3/4	1/4		1/4	1		1	55	2	1	
62	62	3/4	1/4		1/4	1		5	59	1	2	
63	63	0	1/4		1/4	1		3	45	3	1	
63	63	0	1/2		1/2	1		3	57	2	1	
63	63	0	1.0		1.0	1		0	60	1	2	
63	63	0	3/4		1/2	3/2		4	64	1	1	
63	63	1/4	1/4		1/4	1		5	47	3	1	
63	63	1/2	1/4		1/4	1		0	48	3	1	
63	63	1/2	1/4		1/4	1		3	57	2	1	
63	63	3/4	1/4		1/4	1		2	50	3	1	
63	63	3/4	1/4		1/4	1		3	57	2	1	
63	63	3/4	1/4		1/4	1		6	66	1	1	
64	64	0	1/2		1/2	1		4	52	3	1	
64	64	0	1/2		1/2	1		8	56	2	1	
64	64	0	1.0		1.0	1		5	59	1	2	
64	64	0	1/8		1/8	1		8	68	1	1	
64	64	1/8	1/8		1/8	1		3	69	1	1	
64	64	1/4	1/8		1/8	1		5	71	1	1	
64	64	3/8	1/8		1/8	1		0	72	1	1	
64	64	1/2	3/8		1/4	3/2		5	47	3	1	
64	64	1/2	1/2		1/2	1		1	55	2	1	
64	64	1/2	1/4		1/4	1		2	74	1	1	
64	64	3/4	1/8		1/8	1		2	62	1	1	
64	64	7/8	1/8		1/8	1		0	48	3	1	
64	64	7/8	1/8		1/8	1		4	64	1	1	
65	65	0	1/2		1/2	1		2	50	3	1	
65	65	0	1/2		1/2	1		6	54	2	1	
65	65	0	1.0		1.0	1		3	57	1	2	
65	65	0	1/8		1/8	1		6	66	1	1	
65	65	1/8	1/8		1/8	1		1	67	1	1	
65	65	1/4	1/8		1/8	1		3	69	1	1	
65	65	3/8	1/8		1/8	1		5	71	1	1	
65	65	1/2	3/8		1/4	3/2		3	45	3	1	
65	65	1/2	1/2		1/2	1		-1	53	2	1	
65	65	1/2	1/4		1/4	1		0	72	1	1	
65	65	3/4	1/8		1/8	1		0	60	1	1	
65	65	7/8	1/8		1/8	1		5	47	3	1	
65	65	7/8	1/8		1/8	1		2	62	1	1	
66	66	0	1/2		1/2	1		0	48	3	1	
66	66	0	1/2		1/2	1		4	52	2	1	
66	66	0	1/4		1/4	1		1	55	1	2	
66	66	0	1/8		1/8	1		4	64	1	1	
66	66	1/8	1/8		1/8	1		-1	65	1	1	
66	66	1/4	1/4		1/4	1		0	60	1	2	
66	66	1/4	1/8		1/8	1		1	67	1	1	
66	66	3/8	1/8		1/8	1		3	69	1	1	
66	66	1/2	3/8		1/4	3/2		1	43	3	1	
66	66	1/2	1/2		1/2	1		2	62	1	2	
66	66	1/2	1/4		1/4	1		-2	70	1	1	
66	66	3/4	1/4		1/4	1		1	55	2	1	
66	66	3/4	1/8		1/8	1		-2	58	1	1	
66	66	7/8	1/8		1/8	1		3	45	3	1	
66	66	7/8	1/8		1/8	1		0	60	1	1	
67	67	0	1/2		1/2	1		-2	46	3	1	
67	67	0	3/8		1/4	3/2		2	50	2	1	
67	67	0	1/8		1/8	1		2	62	1	1	
67	67	1/8	1/8		1/8	1		4	64	1	1	
67	67	1/4	1/4		1/4	1		2	62	1	2	
67	67	1/4	1/8		1/8	1		-1	65	1	1	
67	67	3/8	1/8		1/8	1		4	52	2	1	
67	67	3/8	1/8		1/8	1		1	67	1	1	
67	67	1/2	3/8		1/4	3/2		-1	41	3	1	
67	67	1/2	1/8		1/8	1		-1	53	2	1	
67	67	1/2	1/2		1/2	1		0	60	1	2	
67	67	1/2	1/4		1/4	1		3	69	1	1	
67	67	5/8	1/8		1/8	1		1	55	2	1	
67	67	3/4	1/4		1/4	1	1	3	57	2	1	
67	67	3/4	1/4		1/4	1		-1	65	1	1	
67	67	7/8	1/8		1/8	1		1	43	3	1	
68	68	0	1.0		1.0	1	1	3	45	3	1	
68	68	0	1/4		1/4	1	-1	3	57	2	1	
68	68	0	1/4		1/4	1		0	60	1	2	
68	68	0	1/2		1/2	1		4	64	1	1	
68	68	1/4	1/4		1/4	1		1	55	2	1	
68	68	1/4	1/4		1/4	1		5	59	1	2	
68	68	1/2	1/2		1/2	1		-1	53	2	2	
68	68	1/2	1/2		1/2	1	1	3	57	2	1	
68	68	1/2	1/16		1/16	1		2	62	1	1	
68	68	9/16	1/16		1/16	1		4	64	1	1	
68	68	5/8	1/16		1/16	1		-1	65	1	1	
68	68	11/16	1/16		1/16	1		1	67	1	1	
68	68	3/4	1/16		1/16	1		3	69	1	1	
68	68	13/16	1/16		1/16	1		5	71	1	1	
68	68	7/8	1/16		1/16	1		0	72	1	1	
68	68	15/16	1/16		1/16	1		2	74	1	1	
69	69	0	1.0		1.0	1	-1	3	45	3	1	
69	69	0	1/4		1/4	1		4	52	2	2	
69	69	0	1.0		1.0	1	0	3	57	2	1	
69	69	0	1/16		1/16	1		4	76	1	1	
69	69	1/16	1/16		1/16	1		2	74	1	1	
69	69	1/8	1/16		1/16	1		5	71	1	1	
69	69	3/16	1/16		1/16	1		7	73	1	1	
69	69	1/4	1/4		1/4	1		2	50	2	2	
69	69	1/4	1/16		1/16	1		2	74	1	1	
69	69	5/16	1/16		1/16	1		7	73	1	1	
69	69	3/8	1/16		1/16	1		2	74	1	1	
69	69	7/16	1/16		1/16	1		7	73	1	1	
69	69	1/2	1/2		1/2	1		4	52	2	2	
69	69	1/2	1/16		1/16	1		2	74	1	1	
69	69	9/16	1/16		1/16	1		7	73	1	1	
69	69	5/8	1/16		1/16	1		2	74	1	1	
69	69	11/16	1/16		1/16	1		7	73	1	1	
69	69	3/4	1/16		1/16	1		2	74	1	1	
69	69	13/16	1/16		1/16	1		7	73	1	1	
69	69	7/8	1/16		1/16	1		5	71	1	1	
69	69	15/16	1/16		1/16	1		7	73	1	1	
70	70	0	1.0		1.0	1	1	2	50	3	1	
70	70	0	3/4		1/2	3/2		-1	53	2	2	
70	70	0	1.0		1.0	1	-1	3	57	2	1	
70	70	0	1/2		1/2	1		2	74	1	1	
70	70	1/2	1/2		1/2	1		3	69	1	1	
70	70	3/4	1/4		1/4	1		1	55	2	2	
71	71	0	1.0		1.0	1	-1	2	50	3	1	
71	71	0	1.0		1.0	1		3	57	2	1	
71	71	0	1/2		1/2	1		3	69	1	1	
71	71	1/4	1/4		1/4	1		2	62	1	2	
71	71	1/2	1/8		1/8	1		-1	65	1	2	
71	71	1/2	1/2		1/2	1		3	69	1	1	
71	71	5/8	1/8		1/8	1		4	64	1	2	
71	71	3/4	1/8		1/8	1		2	62	1	2	
71	71	7/8	1/8		1/8	1		0	60	1	2	
72	72	0	1/4		1/4	1		5	59	1	2	
72	72	0	1/2		1/2	1		8	68	1	1	
72	72	1/4	1/4		1/4	1		4	64	1	2	
72	72	1/2	1/8		1/8	1		4	64	1	2	
72	72	1/2	1/2		1/2	1		1	67	1	1	
72	72	5/8	1/8		1/8	1		2	62	1	2	
72	72	3/4	1/8		1/8	1		0	60	1	2	
72	72	7/8	1/8		1/8	1		5	59	1	2	
73	73	0	1/4		1/4	1		3	57	1	2	
73	73	0	1/2		1/2	1		6	66	1	1	
73	73	1/4	1/4		1/4	1		2	62	1	2	
73	73	1/2	1/8		1/8	1		2	62	1	2	
73	73	1/2	1/2		1/2	1		-1	65	1	1	
73	73	5/8	1/8		1/8	1		0	60	1	2	
73	73	3/4	1/8		1/8	1		5	59	1	2	
73	73	7/8	1/8		1/8	1		3	57	1	2	
74	74	0	1/4		1/4	1		1	55	1	2	
74	74	0	1.0		1.0	1		4	64	1	1	
74	74	1/4	1/8		1/8	1		3	57	1	2	
74	74	3/8	1/8		1/8	1		5	59	1	2	
74	74	1/2	1/2		1/2	1		3	57	2	1	
74	74	1/2	1/8		1/8	1		0	60	1	2	
74	74	5/8	1/8		1/8	1		5	59	1	2	
74	74	3/4	1/8		1/8	1		0	60	1	2	
74	74	7/8	1/8		1/8	1		2	62	1	2	
75	75	0	1/2		1/2	1		3	57	2	1	
75	75	0	1/8		1/8	1		4	64	1	2	
75	75	1/8	1/8		1/8	1		2	62	1	2	
75	75	1/4	1/8		1/8	1		0	60	1	2	
75	75	1/4	1/4		1/4	1		4	76	1	1	
75	75	3/8	1/8		1/8	1		5	59	1	2	
75	75	1/2	1/2		1/2	1		3	57	2	1	
75	75	1/2	1/4		1/4	1		0	60	1	2	
75	75	1/2	1/8		1/8	1		-1	77	1	1	
75	75	5/8	1/8		1/8	1		4	76	1	1	
75	75	3/4	1/4		1/4	1		2	62	1	2	
75	75	3/4	1/8		1/8	1		2	74	1	1	
75	75	7/8	1/8		1/8	1		0	72	1	1	
76	76	0	1/2		1/2	1		8	56	2	1	
76	76	0	1/4		1/4	1		4	64	1	2	
76	76	0	1/4		1/4	1		5	71	1	1	
76	76	1/4	1/4		1/4	1		5	71	1	2	
76	76	1/4	1/4		1/4	1		4	76	1	1	
76	76	1/2	1/2		1/2	1		1	55	2	1	
76	76	1/2	1/2		1/2	1		4	64	1	2	
76	76	1/2	1/8		1/8	1		4	76	1	1	
76	76	5/8	1/8		1/8	1		2	74	1	1	
76	76	3/4	1/8		1/8	1		0	72	1	1	
76	76	7/8	1/8		1/8	1		5	71	1	1	
77	77	0	1/2		1/2	1		6	54	2	1	
77	77	0	1/4		1/4	1		4	64	1	2	
77	77	0	1/4		1/4	1		3	69	1	1	
77	77	1/4	1/8		1/8	1		2	62	1	2	
77	77	1/4	1/4		1/4	1		2	74	1	1	
77	77	3/8	1/8		1/8	1		0	60	1	2	
77	77	1/2	1/2		1/2	1		-1	53	2	1	
77	77	1/2	1/2		1/2	1		2	62	1	2	
77	77	1/2	1/8		1/8	1		2	74	1	1	
77	77	5/8	1/8		1/8	1		0	72	1	1	
77	77	3/4	1/8		1/8	1		5	71	1	1	
77	77	7/8	1/8		1/8	1		3	69	1	1	
78	78	0	1/2		1/2	1		4	52	2	1	
78	78	0	1/8		1/8	1		4	64	1	2	
78	78	0	1/4		1/4	1		1	67	1	1	
78	78	1/8	1/8		1/8	1		2	62	1	2	
78	78	1/4	1/8		1/8	1		0	60	1	2	
78	78	1/4	1/4		1/4	1		4	64	1	1	
78	78	3/8	1/8		1/8	1		5	59	1	2	
78	78	1/2	1/2		1/2	1		2	50	3	1	
78	78	1/2	1/2		1/2	1		-1	53	2	1	
78	78	1/2	1/2		1/2	1		3	57	1	2	
78	78	1/2	1/8		1/8	1		3	69	1	1	
78	78	5/8	1/8		1/8	1		1	67	1	1	
78	78	3/4	1/8		1/8	1		-1	65	1	1	
78	78	7/8	1/8		1/8	1		4	64	1	1	
79	79	0	1/2		1/2	1		2	50	3	1	
79	79	0	1.0		1.0	1		2	62	1	2	
79	79	0	3/4		1/2	3/2		-1	65	1	1	
79	79	1/4	1/4		1/4	1		3	57	2	1	
79	79	1/2	1/2		1/2	1		2	50	3	1	
79	79	1/2	1/8		1/8	1		-2	58	2	1	
79	79	5/8	1/8		1/8	1		3	57	2	1	
79	79	3/4	1/8		1/8	1		1	55	2	1	
79	79	3/4	1/4		1/4	1		1	67	1	1	
79	79	7/8	1/8		1/8	1		-1	53	2	1	
80	80	0	1/2		1/2	1		7	49	3	1	
80	80	0	1/4		1/4	1		4	52	2	1	
80	80	0	1/4		1/4	1		4	64	1	2	
80	80	0	1/4		1/4	1		3	69	1	1	
80	80	1/4	1/4		1/4	1		3	57	2	1	
80	80	1/4	1/8		1/8	1		4	64	1	1	
80	80	3/8	1/16		1/16	1		-1	65	1	1	
80	80	7/16	1/16		1/16	1		1	67	1	1	
80	80	1/2	1/2		1/2	1		0	48	3	1	
80	80	1/2	1/8		1/8	1		3	57	2	1	
80	80	1/2	1/4		1/4	1		4	64	1	2	
80	80	1/2	1/2		1/2	1	1	3	69	1	1	
80	80	5/8	1/8		1/8	1		1	55	2	1	
80	80	3/4	1/8		1/8	1		-1	53	2	1	
80	80	3/4	1/8		1/8	1		2	62	1	2	
80	80	7/8	1/8		1/8	1		4	52	2	1	
80	80	7/8	1/8		1/8	1		0	60	1	2	
81	81	0	1/2		1/2	1		5	47	3	1	
81	81	0	1/4		1/4	1		2	50	2	1	
81	81	0	3/4		1/2	3/2		2	62	1	2	
81	81	0	1/4		1/4	1	-1	3	69	1	1	
81	81	1/4	1/4		1/4	1		1	55	2	1	
81	81	1/4	1/8		1/8	1		1	67	1	1	
81	81	3/8	1/8		1/8	1		6	66	1	1	
81	81	1/2	1/2		1/2	1		-2	46	3	1	
81	81	1/2	1/8		1/8	1		1	55	2	1	
81	81	1/2	1/2		1/2	1		1	67	1	1	
81	81	5/8	1/8		1/8	1		-1	53	2	1	
81	81	3/4	1/8		1/8	1		4	52	2	1	
81	81	3/4	1/4		1/4	1		4	64	1	2	
81	81	7/8	1/8		1/8	1		2	50	2	1	
82	82	0	1/4		1/4	1		3	45	3	1	
82	82	0	1/4		1/4	1		0	48	2	1	
82	82	0	1/4		1/4	1		-1	65	1	2	
82	82	0	1/2		1/2	1		3	69	1	1	
82	82	1/4	1/4		1/4	1		3	57	3	1	
82	82	1/4	1/4		1/4	1		0	60	2	1	
82	82	1/4	1/8		1/8	1		4	64	1	2	
82	82	3/8	1/8		1/8	1		2	62	1	2	
82	82	1/2	1/8		1/8	1		3	57	3	1	
82	82	1/2	1/8		1/8	1		0	60	2	1	
82	82	1/2	1/4		1/4	1		4	64	1	2	
82	82	1/2	1/4		1/4	1		3	69	1	1	
82	82	5/8	1/8		1/8	1		1	55	3	1	
82	82	5/8	1/8		1/8	1		5	59	2	1	
82	82	3/4	1/8		1/8	1		-1	53	3	1	
82	82	3/4	1/4		1/4	1		3	57	2	1	
82	82	3/4	1/4		1/4	1	1	2	62	1	2	
82	82	3/4	1/8		1/8	1		3	69	1	1	
82	82	7/8	1/8		1/8	1		4	52	3	1	
82	82	7/8	1/8		1/8	1		1	67	1	1	
83	83	0	1/4		1/4	1		2	50	3	1	
83	83	0	1/8		1/8	1	-1	2	62	1	2	
83	83	0	1/8		1/8	1		-1	65	1	1	
83	83	1/8	1/8		1/8	1		0	60	1	2	
83	83	1/8	1/8		1/8	1		4	64	1	1	
83	83	1/4	1/4		1/4	1		1	55	3	1	
83	83	1/4	1/8		1/8	1		5	59	1	2	
83	83	1/4	1/4		1/4	1		2	62	1	1	
83	83	3/8	1/8		1/8	1		3	57	1	2	
83	83	1/2	1/8		1/8	1		1	55	3	1	
83	83	1/2	1/4		1/4	1		5	59	1	2	
83	83	1/2	1/4		1/4	1		1	67	1	1	
83	83	5/8	1/8		1/8	1		-1	53	3	1	
83	83	3/4	1/8		1/8	1		4	52	3	1	
83	83	3/4	1/4		1/4	1		0	60	1	2	
83	83	3/4	1/8		1/8	1		1	67	1	1	
83	83	7/8	1/8		1/8	1		2	50	3	1	
83	83	7/8	1/8		1/8	1		-1	65	1	1	
84	84	0	1/4		1/4	1		0	48	3	1	
84	84	0	1/8		1/8	1		0	60	1	2	
84	84	0	1/8		1/8	1		4	64	1	1	
84	84	1/8	1/8		1/8	1		-2	58	1	2	
84	84	1/8	1/8		1/8	1		2	62	1	1	
84	84	1/4	1/4		1/4	1		-1	53	3	1	
84	84	1/4	1/8		1/8	1		3	57	1	2	
84	84	1/4	1/4		1/4	1		0	60	1	1	
84	84	3/8	1/8		1/8	1		1	55	1	2	
84	84	1/2	1/8		1/8	1		-1	53	3	1	
84	84	1/2	1/4		1/4	1		3	57	1	2	
84	84	1/2	1/4		1/4	1		-1	65	1	1	
84	84	5/8	1/8		1/8	1		4	52	3	1	
84	84	3/4	1/8		1/8	1		2	50	3	1	
84	84	3/4	1/4		1/4	1		3	57	1	2	
84	84	3/4	1/8		1/8	1		-1	65	1	1	
84	84	7/8	1/8		1/8	1		0	48	3	1	
84	84	7/8	1/8		1/8	1		4	64	1	1	
85	85	0	1/8		1/8	1		5	47	3	1	
85	85	0	1/4		1/4	1		1	55	2	1	
85	85	0	1/4		1/4	1		5	59	1	2	
85	85	0	1/4		1/4	1		2	62	1	1	
85	85	1/8	1/8		1/8	1		3	45	3	1	
85	85	1/4	1/4		1/4	1		1	43	3	1	
85	85	1/4	1/8		1/8	1		1	55	2	1	
85	85	1/4	1/4		1/4	1		5	59	1	2	
85	85	1/4	1/4		1/4	1		1	67	1	1	
85	85	3/8	1/8		1/8	1		-1	53	2	1	
85	85	1/2	1/4		1/4	1		0	48	3	1	
85	85	1/2	1/8		1/8	1		4	52	2	1	
85	85	1/2	1/2		1/2	1		1	55	1	2	
85	85	1/2	1/8		1/8	1		1	67	1	1	
85	85	5/8	1/8		1/8	1		2	50	2	1	
85	85	5/8	1/8		1/8	1		-1	65	1	1	
85	85	3/4	1/8		1/8	1		0	48	2	1	
85	85	3/4	1/8		1/8	1		0	48	3	1	
85	85	3/4	1/8		1/8	1		4	64	1	1	
85	85	7/8	1/8		1/8	1		5	47	3	1	
85	85	7/8	1/8		1/8	1		2	50	2	1	
85	85	7/8	1/8		1/8	1		2	62	1	1	
86	86	0	1/8		1/8	1		3	45	3	1	
86	86	0	1/4		1/4	1		4	52	2	1	
86	86	0	3/8		1/4	3/2		3	57	1	2	
86	86	0	1.0		1.0	1		0	60	1	1	
86	86	1/8	1/8		1/8	1		1	43	3	1	
86	86	1/4	1/4		1/4	1		-1	41	3	1	
86	86	1/4	1/4		1/4	1	1	-1	53	2	1	
86	86	3/8	1/8		1/8	1		3	57	1	2	
86	86	1/2	1/8		1/8	1	-1	-1	53	2	1	
86	86	1/2	1/4		1/4	1	1	1	55	1	2	
86	86	5/8	1/16		1/16	1		4	52	2	1	
86	86	11/16	1/16		1/16	1		2	50	2	1	
86	86	3/4	1/16		1/16	1		4	52	2	1	
86	86	3/4	1/16		1/16	1	-1	1	55	1	2	
86	86	13/16	1/16		1/16	1		0	48	2	1	
86	86	13/16	1/16		1/16	1		3	57	1	2	
86	86	7/8	1/16		1/16	1		2	50	2	1	
86	86	7/8	1/16		1/16	1		-2	58	1	2	
86	86	15/16	1/16		1/16	1		4	52	2	1	
86	86	15/16	1/16		1/16	1		0	60	1	2	
87	87	0	1/2		1/2	1		-1	41	3	1	
87	87	0	1/4		1/4	1		3	57	1	2	
87	87	1/4	1/4		1/4	1		3	69	1	2	
87	87	1/4	1/4		1/4	1		0	72	1	1	
87	87	1/2	1/2		1/2	1		3	45	3	1	
87	87	1/2	1/8		1/8	1		3	69	1	2	
87	87	1/2	1/8		1/8	1		0	72	1	1	
87	87	5/8	1/8		1/8	1		1	67	1	2	
87	87	5/8	1/8		1/8	1		5	71	1	1	
87	87	3/4	1/8		1/8	1		-1	65	1	2	
87	87	3/4	1/8		1/8	1		3	69	1	1	
87	87	7/8	1/8		1/8	1		4	64	1	2	
87	87	7/8	1/8		1/8	1		1	67	1	1	
88	88	0	1/2		1/2	1		-2	46	3	1	
88	88	0	1.0		1.0	1		2	62	1	2	
88	88	0	1/2		1/2	1		-1	65	1	1	
88	88	1/4	1/4		1/4	1		-2	58	2	1	
88	88	1/2	1/8		1/8	1		-2	58	2	1	
88	88	1/2	1/4		1/4	1		1	67	1	1	
88	88	5/8	1/8		1/8	1		3	57	2	1	
88	88	3/4	1/8		1/8	1		1	55	2	1	
88	88	3/4	1/4		1/4	1		-2	70	1	1	
88	88	7/8	1/8		1/8	1		-1	53	2	1	
89	89	0	1/4		1/4	1		1	55	2	1	
89	89	0	1/2		1/2	1		2	62	1	2	
89	89	0	1/8		1/8	1		-2	70	1	1	
89	89	1/8	1/8		1/8	1		3	69	1	1	
89	89	1/4	1/4		1/4	1		3	57	2	1	
89	89	1/4	1/8		1/8	1		1	67	1	1	
89	89	3/8	1/8		1/8	1		-1	65	1	1	
89	89	1/2	1/2		1/2	1		-2	58	2	1	
89	89	1/2	1/2		1/2	1		2	62	1	2	
89	89	1/2	1/8		1/8	1		1	67	1	1	
89	89	5/8	1/16		1/16	1		-1	65	1	1	
89	89	11/16	1/16		1/16	1		4	64	1	1	
89	89	3/4	1/16		1/16	1		2	62	1	1	
89	89	13/16	1/16		1/16	1		4	64	1	1	
89	89	7/8	1/16		1/16	1		-1	65	1	1	
89	89	15/16	1/16		1/16	1		1	67	1	1	
90	90	0	1/2		1/2	1		3	57	2	1	
90	90	0	1/2		1/2	1		7	61	1	2	
90	90	0	1/4		1/4	1		3	69	1	1	
90	90	1/4	1/4		1/4	1		3	57	3	1	
90	90	1/4	1/4		1/4	1		4	64	1	1	
90	90	1/2	1/8		1/8	1		3	57	3	1	
90	90	1/2	1/2		1/2	1		0	60	1	2	
90	90	1/2	1/4		1/4	1		-1	65	1	1	
90	90	5/8	1/8		1/8	1		1	55	3	1	
90	90	3/4	1/8		1/8	1		-1	53	3	1	
90	90	3/4	1/4		1/4	1		3	69	1	1	
90	90	7/8	1/8		1/8	1		4	52	3	1	
91	91	0	1/4		1/4	1		2	50	3	1	
91	91	0	1/2		1/2	1		5	59	1	2	
91	91	0	1/4		1/4	1		3	69	1	1	
91	91	1/4	1/4		1/4	1		4	52	3	1	
91	91	1/4	1/4		1/4	1		1	67	1	1	
91	91	1/2	1/4		1/4	1		1	55	2	1	
91	91	1/2	1/4		1/4	1		1	55	3	1	
91	91	1/2	1/2		1/2	1		-2	58	1	2	
91	91	1/2	1/8		1/8	1		1	67	1	1	
91	91	5/8	1/8		1/8	1		-1	65	1	1	
91	91	3/4	1/4		1/4	1		1	43	3	1	
91	91	3/4	1/8		1/8	1		1	55	2	1	
91	91	3/4	1/8		1/8	1		4	64	1	1	
91	91	7/8	1/8		1/8	1		-1	53	2	1	
91	91	7/8	1/8		1/8	1		2	62	1	1	
92	92	0	1/2		1/2	1		3	45	3	1	
92	92	0	1/8		1/8	1		4	52	2	1	
92	92	0	1/4		1/4	1		3	57	1	2	
92	92	0	1/4		1/4	1		0	60	1	1	
92	92	1/8	1/8		1/8	1		2	50	2	1	
92	92	1/4	1/8		1/8	1		0	48	2	1	
92	92	1/4	1/4		1/4	1		0	60	1	2	
92	92	1/4	1/4		1/4	1		4	64	1	1	
92	92	3/8	1/8		1/8	1		2	50	2	1	
92	92	1/2	1/2		1/2	1		4	52	2	1	
92	92	1/2	1/8		1/8	1		0	60	1	2	
92	92	1/2	1/8		1/8	1		4	64	1	1	
92	92	5/8	1/8		1/8	1		5	59	1	2	
92	92	5/8	1/8		1/8	1		2	62	1	1	
92	92	3/4	1/4		1/4	1		3	45	3	1	
92	92	3/4	1/8		1/8	1		3	57	1	2	
92	92	3/4	1/8		1/8	1		0	60	1	1	
92	92	7/8	1/8		1/8	1		1	55	1	2	
92	92	7/8	1/8		1/8	1		-2	58	1	1	
93	93	0	1/8		1/8	1		2	50	3	1	
93	93	0	1/4		1/4	1		-1	53	2	1	
93	93	0	1/4		1/4	1		-1	53	2	2	
93	93	0	1/4		1/4	1		3	57	1	1	
93	93	1/8	1/8		1/8	1		0	48	3	1	
93	93	1/4	1/8		1/8	1		-2	46	3	1	
93	93	1/4	1/4		1/4	1		-1	53	2	1	
93	93	1/4	1/2		1/2	1		-2	58	1	2	
93	93	1/4	3/8		1/4	3/2		2	62	1	1	
93	93	3/8	1/8		1/8	1		3	45	3	1	
93	93	1/2	1/4		1/4	1		1	43	3	1	
93	93	1/2	1/2		1/2	1		4	52	2	1	
93	93	5/8	1/8		1/8	1		4	64	1	1	
93	93	3/4	1/4		1/4	1		3	45	3	1	
93	93	3/4	1/8		1/8	1		3	57	1	2	
93	93	3/4	1/4		1/4	1		7	61	1	1	
93	93	7/8	1/8		1/8	1		1	55	1	2	
94	94	0	1/2		1/2	1		-2	46	3	1	
94	94	0	1/8		1/8	1		2	50	2	1	
94	94	0	1/4		1/4	1		-1	53	1	2	
94	94	0	1/2		1/2	1		2	62	1	1	
94	94	1/8	1/8		1/8	1		4	52	2	1	
94	94	1/4	1/8		1/8	1		-1	53	2	1	
94	94	1/4	1/4		1/4	1		2	62	1	2	
94	94	3/8	1/8		1/8	1		2	50	2	1	
94	94	1/2	1/2		1/2	1		1	43	3	1	
94	94	1/2	1/4		1/4	1		-2	58	2	1	
94	94	1/2	1/4		1/4	1		2	62	1	2	
94	94	3/4	1/8		1/8	1		3	57	2	1	
94	94	3/4	1/4		1/4	1		4	64	1	2	
94	94	7/8	1/8		1/8	1		1	55	2	1	
95	95	0	1.0		1.0	1		2	50	3	1	
95	95	0	1.0		1.0	1	1	3	57	2	1	
95	95	0	1/4		1/4	1		-1	65	1	2	
95	95	1/4	1/4		1/4	1		2	62	1	2	
95	95	1/4	1/4		1/4	1		3	69	1	1	
95	95	1/2	1/4		1/4	1		-1	65	1	2	
95	95	1/2	1/4		1/4	1		3	69	1	1	
95	95	3/4	1/8		1/8	1		4	64	1	2	
95	95	3/4	1/4		1/4	1		5	71	1	1	
95	95	7/8	1/8		1/8	1		2	62	1	2	
96	96	0	1.0		1.0	1	-1	3	57	2	1	
96	96	0	1/4		1/4	1		0	60	1	2	
96	96	0	1/4		1/4	1		0	72	1	1	
96	96	1/4	1/4		1/4	1		2	62	1	2	
96	96	1/4	1/4		1/4	1		3	69	1	1	
96	96	1/2	1/4		1/4	1		4	64	1	2	
96	96	1/2	1/4		1/4	1		0	72	1	1	
96	96	3/4	1/4		1/4	1		-1	65	1	2	
96	96	3/4	1/8		1/8	1		5	71	1	1	
96	96	7/8	1/8		1/8	1		3	69	1	1	
97	97	0	1/4		1/4	1		4	64	1	2	
97	97	0	1/4		1/4	1		8	68	1	1	
97	97	1/4	1/4		1/4	1		2	50	3	1	
97	97	1/4	1/8		1/8	1		2	62	1	2	
97	97	1/4	1/4		1/4	1		3	69	1	1	
97	97	3/8	1/8		1/8	1		0	60	1	2	
97	97	1/2	1/4		1/4	1		2	50	3	1	
97	97	1/2	1/2		1/2	1		5	59	1	2	
97	97	1/2	1/16		1/16	1		3	69	1	1	
97	97	9/16	1/16		1/16	1		8	68	1	1	
97	97	5/8	1/16		1/16	1		3	69	1	1	
97	97	11/16	1/16		1/16	1		8	68	1	1	
97	97	3/4	1/4		1/4	1		4	52	3	1	
97	97	3/4	1/16		1/16	1		3	69	1	1	
97	97	13/16	1/16		1/16	1		8	68	1	1	
97	97	7/8	1/16		1/16	1		6	66	1	1	
97	97	15/16	1/16		1/16	1		8	68	1	1	
98	98	0	1/4		1/4	1		-1	53	3	1	
98	98	0	1/4		1/4	1		3	57	1	2	
98	98	0	1/2		1/2	1		3	69	1	1	
98	98	1/4	1/4		1/4	1		2	50	3	1	
98	98	1/4	1/4		1/4	1		3	57	2	1	
98	98	1/4	1/4		1/4	1		2	62	1	2	
98	98	1/2	1/4		1/4	1		-1	53	3	1	
98	98	1/2	1/4		1/4	1		3	57	2	1	
98	98	1/2	1/4		1/4	1		0	60	1	2	
98	98	3/4	1/8		1/8	1		4	52	3	1	
98	98	3/4	1/4		1/4	1		5	59	2	1	
98	98	3/4	1/4		1/4	1		2	62	1	2	
98	98	7/8	1/8		1/8	1		2	50	3	1	
99	99	0	1/4		1/4	1		0	48	3	1	
99	99	0	1/4		1/4	1		0	60	2	1	
99	99	0	1/4		1/4	1		4	64	1	2	
99	99	1/4	1/4		1/4	1		2	50	3	1	
99	99	1/4	1/4		1/4	1		3	57	2	1	
99	99	1/4	1/4		1/4	1		-1	65	1	2	
99	99	1/2	1/4		1/4	1		4	52	3	1	
99	99	1/2	1/4		1/4	1		0	60	2	1	
99	99	1/2	1/4		1/4	1		4	64	1	2	
99	99	3/4	1/4		1/4	1		-1	53	3	1	
99	99	3/4	1/8		1/8	1		5	59	2	1	
99	99	3/4	1/4		1/4	1		2	62	1	2	
99	99	7/8	1/8		1/8	1		3	57	2	1	
100	100	0	1/4		1/4	1		4	52	3	1	
100	100	0	1/4		1/4	1		8	56	2	1	
100	100	0	1/2		1/2	1		4	64	1	2	
100	100	1/4	1/4		1/4	1		7	49	3	1	
100	100	1/4	1/4		1/4	1		3	57	2	1	
100	100	1/4	1/4		1/4	1		3	69	1	1	
100	100	1/2	1/4		1/4	1		2	50	3	1	
100	100	1/2	1/4		1/4	1		-1	53	2	1	
100	100	1/2	1/2		1/2	1		2	62	1	2	
100	100	1/2	1/4		1/4	1		3	69	1	1	
100	100	3/4	1/8		1/8	1		7	49	3	1	
100	100	3/4	1/8		1/8	1		4	52	2	1	
100	100	3/4	1/4		1/4	1		5	71	1	1	
100	100	7/8	1/8		1/8	1		5	47	3	1	
100	100	7/8	1/8		1/8	1		2	50	2	1	
101	101	0	1/2		1/2	1		3	45	3	1	
101	101	0	1/4		1/4	1		4	52	2	1	
101	101	0	1/4		1/4	1		0	72	1	1	
101	101	1/4	1/4		1/4	1		3	57	2	1	
101	101	1/4	1/4		1/4	1		0	60	1	2	
101	101	1/4	1/4		1/4	1		3	69	1	1	
101	101	1/2	1/4		1/4	1		3	57	2	1	
101	101	1/2	1/4		1/4	1		0	60	1	2	
101	101	1/2	1/4		1/4	1		0	72	1	1	
101	101	3/4	1/4		1/4	1		5	59	2	1	
101	101	3/4	1/4		1/4	1		2	62	1	2	
101	101	3/4	1/8		1/8	1		5	71	1	1	
101	101	7/8	1/8		1/8	1		3	69	1	1	
102	102	0	1/4		1/4	1		0	60	2	1	
102	102	0	1/4		1/4	1		4	64	1	2	
102	102	0	1/4		1/4	1		1	67	1	1	
102	102	1/4	1/4		1/4	1		3	45	3	1	
102	102	1/4	1/4		1/4	1		3	57	2	1	
102	102	1/4	1/4		1/4	1		4	64	1	2	
102	102	1/4	1/4		1/4	1		0	72	1	1	
102	102	1/2	1/4		1/4	1		3	45	3	1	
102	102	1/2	1/4		1/4	1		0	60	2	1	
102	102	1/2	1/4		1/4	1		4	64	1	2	
102	102	1/2	1/4		1/4	1		3	69	1	1	
102	102	3/4	1/4		1/4	1		5	47	3	1	
102	102	3/4	1/8		1/8	1		5	59	2	1	
102	102	3/4	1/4		1/4	1		2	62	1	2	
102	102	3/4	1/8		1/8	1		1	67	1	1	
102	102	7/8	1/8		1/8	1		3	57	2	1	
102	102	7/8	1/8		1/8	1		-1	65	1	1	
103	103	0	1/4		1/4	1		0	48	3	1	
103	103	0	1/4		1/4	1		1	55	2	1	
103	103	0	1/2		1/2	1		0	60	1	2	
103	103	0	1/4		1/4	1		4	64	1	1	
103	103	1/4	1/4		1/4	1		3	45	3	1	
103	103	1/4	1/4		1/4	1		3	57	2	1	
103	103	1/4	1/4		1/4	1		4	64	1	1	
103	103	1/2	1/4		1/4	1		0	48	3	1	
103	103	1/2	1/4		1/4	1		1	55	2	1	
103	103	1/2	1/4		1/4	1		4	64	1	1	
103	103	3/4	1/8		1/8	1		5	47	3	1	
103	103	3/4	1/4		1/4	1		3	57	2	1	
103	103	3/4	1/4		1/4	1		6	66	1	1	
103	103	7/8	1/8		1/8	1		3	45	3	1	
104	104	0	1/2		1/2	1		1	43	3	1	
104	104	0	1/4		1/4	1		-2	58	2	1	
104	104	0	1.0		1.0	1		2	62	1	2	
104	104	0	3/4		1/2	3/2		1	67	1	1	
104	104	1/4	1/4		1/4	1		1	55	2	1	
104	104	1/2	1/4		1/4	1		1	55	3	1	
104	104	1/2	1/4		1/4	1		-2	58	2	1	
104	104	3/4	1/8		1/8	1		-1	53	3	1	
104	104	3/4	1/8		1/8	1		3	57	2	1	
104	104	3/4	1/4		1/4	1		1	67	1	1	
104	104	7/8	1/8		1/8	1		4	52	3	1	
104	104	7/8	1/8		1/8	1		1	55	2	1	
105	105	0	1/4		1/4	1		2	50	3	1	
105	105	0	3/8		1/4	3/2		-1	53	2	1	
105	105	0	1.0		1.0	1		2	62	1	2	
105	105	0	1/4		1/4	1		3	69	1	1	
105	105	1/4	1/4		1/4	1		2	50	3	1	
105	105	1/4	1/4		1/4	1		-1	65	1	1	
105	105	3/8	1/8		1/8	1		1	55	2	1	
105	105	1/2	1/4		1/4	1		2	50	3	1	
105	105	1/2	1/2		1/2	1		3	57	2	1	
105	105	1/2	1/4		1/4	1		-1	65	1	1	
105	105	3/4	1/4		1/4	1		4	52	3	1	
105	105	3/4	1/4		1/4	1		1	67	1	1	
106	106	0	1/16		1/16	1		-1	53	2	1	
106	106	0	1.0		1.0	1		2	62	1	2	
106	106	0	1/4		1/4	1		3	69	1	1	
106	106	1/16	1/16		1/16	1		1	55	2	1	
106	106	1/8	1/16		1/16	1		-1	53	2	1	
106	106	3/16	1/16		1/16	1		4	52	2	1	
106	106	1/4	1/16		1/16	1		2	50	2	1	
106	106	1/4	1/4		1/4	1		-1	65	1	1	
106	106	5/16	1/16		1/16	1		0	48	2	1	
106	106	3/8	1/16		1/16	1		2	50	2	1	
106	106	7/16	1/16		1/16	1		4	52	2	1	
106	106	1/2	1/16		1/16	1		-1	53	2	1	
106	106	1/2	1/4		1/4	1		3	69	1	1	
106	106	9/16	1/16		1/16	1		2	50	2	1	
106	106	5/8	1/16		1/16	1		4	52	2	1	
106	106	11/16	1/16		1/16	1		-1	53	2	1	
106	106	3/4	1/16		1/16	1		1	55	2	1	
106	106	3/4	1/8		1/8	1		1	67	1	1	
106	106	13/16	1/16		1/16	1		4	52	2	1	
106	106	7/8	1/16		1/16	1		-1	53	2	1	
106	106	7/8	1/8		1/8	1		-1	65	1	1	
106	106	15/16	1/16		1/16	1		1	55	2	1	
107	107	0	1/8		1/8	1		3	57	2	1	
107	107	0	1.0		1.0	1		7	61	1	2	
107	107	0	1/4		1/4	1		4	64	1	1	
107	107	1/8	1/16		1/16	1		1	55	2	1	
107	107	3/16	1/16		1/16	1		-1	53	2	1	
107	107	1/4	1/16		1/16	1		4	52	2	1	
107	107	1/4	1/4		1/4	1		4	64	1	1	
107	107	5/16	1/16		1/16	1		2	50	2	1	
107	107	3/8	1/16		1/16	1		7	49	2	1	
107	107	7/16	1/16		1/16	1		5	47	2	1	
107	107	1/2	1/8		1/8	1		3	45	2	1	
107	107	1/2	1/4		1/4	1		4	64	1	1	
107	107	5/8	1/8		1/8	1		4	52	2	1	
107	107	3/4	1/8		1/8	1		3	57	2	1	
107	107	3/4	1/4		1/4	1		6	66	1	1	
107	107	7/8	1/8		1/8	1		3	45	2	1	
108	108	0	1/16		1/16	1		4	52	2	1	
108	108	0	1.0		1.0	1		0	60	1	2	
108	108	0	1/4		1/4	1		1	67	1	1	
108	108	1/16	1/16		1/16	1		-1	53	2	1	
108	108	1/8	1/16		1/16	1		4	52	2	1	
108	108	3/16	1/16		1/16	1		2	50	2	1	
108	108	1/4	1/16		1/16	1		0	48	2	1	
108	108	1/4	1/4		1/4	1		4	64	1	1	
108	108	5/16	1/16		1/16	1		5	47	2	1	
108	108	3/8	1/16		1/16	1		0	48	2	1	
108	108	7/16	1/16		1/16	1		2	50	2	1	
108	108	1/2	1/16		1/16	1		4	52	2	1	
108	108	1/2	1/4		1/4	1		1	67	1	1	
108	108	9/16	1/16		1/16	1		0	48	2	1	
108	108	5/8	1/16		1/16	1		2	50	2	1	
108	108	11/16	1/16		1/16	1		4	52	2	1	
108	108	3/4	1/16		1/16	1		-1	53	2	1	
108	108	3/4	1/8		1/8	1		-1	65	1	1	
108	108	13/16	1/16		1/16	1		2	50	2	1	
108	108	7/8	1/16		1/16	1		4	52	2	1	
108	108	7/8	1/8		1/8	1		4	64	1	1	
108	108	15/16	1/16		1/16	1		-1	53	2	1	
109	109	0	1/8		1/8	1		1	55	2	1	
109	109	0	1.0		1.0	1		5	59	1	2	
109	109	0	1/4		1/4	1		2	62	1	1	
109	109	1/8	1/16		1/16	1		-1	53	2	1	
109	109	3/16	1/16		1/16	1		4	52	2	1	
109	109	1/4	1/16		1/16	1		2	50	2	1	
109	109	1/4	1/4		1/4	1		2	62	1	1	
109	109	5/16	1/16		1/16	1		0	48	2	1	
109	109	3/8	1/16		1/16	1		5	47	2	1	
109	109	7/16	1/16		1/16	1		3	45	2	1	
109	109	1/2	1/8		1/8	1		1	43	2	1	
109	109	1/2	1/4		1/4	1		2	62	1	1	
109	109	5/8	1/8		1/8	1		2	50	2	1	
109	109	3/4	1/8		1/8	1		1	55	2	1	
109	109	3/4	1/4		1/4	1		4	64	1	1	
109	109	7/8	1/8		1/8	1		1	43	2	1	
110	110	0	1/16		1/16	1		2	50	2	1	
110	110	0	1.0		1.0	1		-2	58	1	2	
110	110	0	1/4		1/4	1		-1	65	1	1	
110	110	1/16	1/16		1/16	1		4	52	2	1	
110	110	1/8	1/16		1/16	1		2	50	2	1	
110	110	3/16	1/16		1/16	1		0	48	2	1	
110	110	1/4	1/16		1/16	1		-2	46	2	1	
110	110	1/4	1/4		1/4	1		2	62	1	1	
110	110	5/16	1/16		1/16	1		3	45	2	1	
110	110	3/8	1/16		1/16	1		-2	46	2	1	
110	110	7/16	1/16		1/16	1		0	48	2	1	
110	110	1/2	1/16		1/16	1		2	50	2	1	
110	110	1/2	1/4		1/4	1		-1	65	1	1	
110	110	9/16	1/16		1/16	1		4	52	2	1	
110	110	5/8	1/16		1/16	1		-1	53	2	1	
110	110	11/16	1/16		1/16	1		2	50	2	1	
110	110	3/4	1/16		1/16	1		4	52	2	1	
110	110	3/4	1/8		1/8	1		4	64	1	1	
110	110	13/16	1/16		1/16	1		0	48	2	1	
110	110	7/8	1/16		1/16	1		2	50	2	1	
110	110	7/8	1/8		1/8	1		2	62	1	1	
110	110	15/16	1/16		1/16	1		4	52	2	1	
111	111	0	1/4		1/4	1		-1	53	2	2	
111	111	0	1/2		1/2	1		3	57	1	2	
111	111	0	1/4		1/4	1		0	60	1	1	
111	111	1/4	1/4		1/4	1		2	50	2	2	
111	111	1/4	1/4		1/4	1		3	57	2	1	
111	111	1/4	1/4		1/4	1		-1	65	1	1	
111	111	1/2	1/4		1/4	1		-1	53	2	2	
111	111	1/2	1/4		1/4	1		3	57	2	1	
111	111	1/2	1/16		1/16	1		-1	65	1	1	
111	111	9/16	1/16		1/16	1		2	62	1	1	
111	111	5/8	1/16		1/16	1		4	64	1	1	
111	111	11/16	1/16		1/16	1		-1	65	1	1	
111	111	3/4	1/8		1/8	1		4	52	2	2	
111	111	3/4	1/4		1/4	1		5	59	2	1	
111	111	3/4	1/16		1/16	1		1	67	1	1	
111	111	13/16	1/16		1/16	1		4	64	1	1	
111	111	7/8	1/8		1/8	1		2	50	2	2	
111	111	7/8	1/16		1/16	1		-1	65	1	1	
111	111	15/16	1/16		1/16	1		1	67	1	1	
112	112	0	1/4		1/4	1		0	48	2	2	
112	112	0	1/4		1/4	1		0	60	2	1	
112	112	0	1/16		1/16	1		3	69	1	1	
112	112	1/16	1/16		1/16	1		-2	70	1	1	
112	112	1/8	1/16		1/16	1		3	69	1	1	
112	112	3/16	1/16		1/16	1		1	67	1	1	
112	112	1/4	1/4		1/4	1		2	50	2	2	
112	112	1/4	1/4		1/4	1		3	57	2	1	
112	112	1/4	1/16		1/16	1		-1	65	1	1	
112	112	5/16	1/16		1/16	1		4	64	1	1	
112	112	3/8	1/16		1/16	1		-1	65	1	1	
112	112	7/16	1/16		1/16	1		1	67	1	1	
112	112	1/2	1/16		1/16	1		3	45	2	2	
112	112	1/2	1/4		1/4	1		0	60	2	1	
112	112	1/2	1/4		1/4	1		3	69	1	1	
112	112	9/16	1/16		1/16	1		5	47	2	2	
112	112	5/8	1/16		1/16	1		0	48	2	2	
112	112	11/16	1/16		1/16	1		3	45	2	2	
112	112	3/4	1/16		1/16	1		5	47	2	2	
112	112	3/4	1/8		1/8	1		5	59	2	1	
112	112	3/4	1/8		1/8	1		1	67	1	1	
112	112	13/16	1/16		1/16	1		0	48	2	2	
112	112	7/8	1/16		1/16	1		2	50	2	2	
112	112	7/8	1/8		1/8	1		3	57	2	1	
112	112	7/8	1/8		1/8	1		-1	65	1	1	
112	112	15/16	1/16		1/16	1		5	47	2	2	
113	113	0	1.0		1.0	1		0	48	2	2	
113	113	0	1.0		1.0	1		1	55	2	1	
113	113	0	1/16		1/16	1		4	64	1	1	
113	113	1/16	1/16		1/16	1		1	67	1	1	
113	113	1/8	1/16		1/16	1		3	69	1	1	
113	113	3/16	1/16		1/16	1		5	71	1	1	
113	113	1/4	1/4		1/4	1		4	64	1	2	
113	113	1/4	1/4		1/4	1		0	72	1	1	
113	113	1/2	1/4		1/4	1		4	64	1	2	
113	113	1/2	1/4		1/4	1		0	72	1	1	
113	113	3/4	1/4		1/4	1		-1	65	1	2	
113	113	3/4	1/4		1/4	1		2	74	1	1	
114	114	0	1/2		1/2	1		0	48	2	2	
114	114	0	1.0		1.0	1		1	67	1	2	
114	114	0	1/4		1/4	1		4	76	1	1	
114	114	1/4	1/4		1/4	1		0	60	2	1	
114	114	1/4	1/4		1/4	1		0	72	1	1	
114	114	1/2	1/4		1/4	1		0	60	2	1	
114	114	1/2	1/4		1/4	1		4	76	1	1	
114	114	3/4	1/4		1/4	1		2	62	2	1	
114	114	3/4	1/8		1/8	1		2	74	1	1	
114	114	7/8	1/8		1/8	1		0	72	1	1	
115	115	0	1/4		1/4	1		4	64	2	1	
115	115	0	1/2		1/2	1		1	67	1	2	
115	115	0	1/8		1/8	1		5	71	1	1	
115	115	1/8	1/16		1/16	1		0	72	1	1	
115	115	3/16	1/16		1/16	1		2	74	1	1	
115	115	1/4	1/4		1/4	1		0	48	3	1	
115	115	1/4	1/4		1/4	1		0	60	2	1	
115	115	1/4	1/8		1/8	1		4	76	1	1	
115	115	3/8	1/8		1/8	1		2	74	1	1	
115	115	1/2	1/4		1/4	1		0	48	3	1	
115	115	1/2	1/4		1/4	1		4	64	2	1	
115	115	1/2	1/4		1/4	1		1	67	1	2	
115	115	1/2	1/4		1/4	1		0	72	1	1	
115	115	3/4	1/4		1/4	1		2	50	3	1	
115	115	3/4	1/8		1/8	1		2	62	2	1	
115	115	3/4	1/4		1/4	1		-1	65	1	2	
115	115	3/4	1/8		1/8	1		5	71	1	1	
115	115	7/8	1/8		1/8	1		0	60	2	1	
115	115	7/8	1/8		1/8	1		3	69	1	1	
116	116	0	1/4		1/4	1		4	52	3	1	
116	116	0	1/4		1/4	1		5	59	2	1	
116	116	0	1.0		1.0	1	1	4	64	1	2	
116	116	0	3/4		1/2	3/2		1	67	1	1	
116	116	1/4	1/4		1/4	1		0	48	3	1	
116	116	1/4	1/4		1/4	1		0	60	2	1	
116	116	1/2	1/4		1/4	1		4	52	3	1	
116	116	1/2	1/4		1/4	1		0	60	2	1	
116	116	3/4	1/8		1/8	1		2	50	3	1	
116	116	3/4	1/8		1/8	1		5	59	2	1	
116	116	3/4	1/4		1/4	1		3	69	1	1	
116	116	7/8	1/8		1/8	1		0	48	3	1	
116	116	7/8	1/8		1/8	1		3	57	2	1	
117	117	0	1/2		1/2	1		5	47	3	1	
117	117	0	1/2		1/2	1		8	56	2	1	
117	117	0	1/4		1/4	1		5	71	1	1	
117	117	1/4	1/4		1/4	1		5	59	1	2	
117	117	1/4	1/4		1/4	1		2	74	1	1	
117	117	1/2	1/2		1/2	1		3	45	3	1	
117	117	1/2	1/4		1/4	1		3	57	2	1	
117	117	1/2	1/2		1/2	1	-1	4	64	1	2	
117	117	1/2	1/4		1/4	1		0	72	1	1	
117	117	3/4	1/8		1/8	1		1	55	2	1	
117	117	3/4	1/8		1/8	1		5	71	1	1	
117	117	7/8	1/8		1/8	1		-1	53	2	1	
117	117	7/8	1/8		1/8	1		3	69	1	1	
118	118	0	1.0		1.0	1		4	52	2	1	
118	118	0	1/4		1/4	1		8	68	1	1	
118	118	1/8	1/8		1/8	1		4	64	1	2	
118	118	1/4	1/8		1/8	1		2	62	1	2	
118	118	1/4	1/4		1/4	1		3	69	1	1	
118	118	3/8	1/8		1/8	1		0	60	1	2	
118	118	1/2	1/2		1/2	1		5	59	1	2	
118	118	1/2	1/16		1/16	1		3	69	1	1	
118	118	9/16	1/16		1/16	1		8	68	1	1	
118	118	5/8	1/16		1/16	1		3	69	1	1	
118	118	11/16	1/16		1/16	1		8	68	1	1	
118	118	3/4	1/16		1/16	1		3	69	1	1	
118	118	13/16	1/16		1/16	1		8	68	1	1	
118	118	7/8	1/16		1/16	1		6	66	1	1	
118	118	15/16	1/16		1/16	1		8	68	1	1	
119	119	0	1.0		1.0	1		2	50	3	1	
119	119	0	1.0		1.0	1		-1	53	2	1	
119	119	0	1/2		1/2	1		3	57	1	2	
119	119	0	1.0		1.0	1		3	69	1	1	
119	119	3/4	1/4		1/4	1		2	62	1	2	
120	120	0	1.0		1.0	1		2	50	3	1	
120	120	0	1/4		1/4	1		-1	65	1	2	
120	120	1/4	1/4		1/4	1		4	64	1	2	
120	120	1/2	1/4		1/4	1		2	62	1	2	
120	120	3/4	1/4		1/4	1		0	60	1	2	
121	121	0	1.0		1.0	1		2	50	3	1	
121	121	0	1/4		1/4	1		-2	58	1	2	
121	121	1/4	1/4		1/4	1		3	57	2	1	
121	121	1/2	1/4		1/4	1		1	55	2	1	
121	121	3/4	1/4		1/4	1		-1	53	2	1	
121	121	3/4	1/4		1/4	1		3	69	1	1	
122	122	0	1.0		1.0	1		7	49	3	1	
122	122	0	1.0		1.0	1		4	64	1	2	
122	122	0	1/4		1/4	1		4	76	1	1	
122	122	1/4	1/4		1/4	1		2	74	1	1	
122	122	1/2	1/4		1/4	1		7	73	1	1	
122	122	3/4	1/4		1/4	1		5	71	1	1	
123	123	0	1.0		1.0	1		0	48	3	1	
123	123	0	1/4		1/4	1		3	69	1	1	
123	123	1/4	1/4		1/4	1		1	67	1	1	
123	123	1/2	1/4		1/4	1		-1	65	1	1	
123	123	3/4	1/4		1/4	1		3	57	1	2	
123	123	3/4	1/4		1/4	1		4	64	1	1	
124	124	0	1.0		1.0	1		5	47	3	1	
124	124	0	1/4		1/4	1		2	62	1	2	
124	124	0	3/4		1/2	3/2		1	67	1	1	
124	124	1/4	1/4		1/4	1		0	60	1	2	
124	124	1/2	1/4		1/4	1		5	59	1	2	
124	124	3/4	1/4		1/4	1		3	57	1	2	
124	124	3/4	1/4		1/4	1		3	69	1	1	
125	125	0	1.0		1.0	1		-2	46	3	1	
125	125	0	1/4		1/4	1		1	55	2	1	
125	125	0	1/4		1/4	1		-2	70	1	1	
125	125	1/4	1/4		1/4	1		-1	53	2	1	
125	125	1/4	1/4		1/4	1		0	72	1	1	
125	125	1/2	1/4		1/4	1		4	52	2	1	
125	125	1/2	1/2		1/2	1	1	2	74	1	1	
125	125	3/4	1/4		1/4	1		2	50	2	1	
126	126	0	1.0		1.0	1		3	45	3	1	
126	126	0	1/2		1/2	1		4	52	2	1	
126	126	0	1/4		1/4	1	-1	2	74	1	1	
126	126	1/4	1/8		1/8	1		7	73	1	1	
126	126	3/8	1/8		1/8	1		5	71	1	1	
126	126	1/2	1/2		1/2	1		3	57	2	1	
126	126	1/2	3/8		1/4	3/2		7	73	1	1	
126	126	3/4	1/4		1/4	1		3	69	1	2	
126	126	7/8	1/8		1/8	1		2	74	1	1	
127	127	0	1.0		1.0	1		3	57	2	1	
127	127	0	3/8		1/4	3/2		0	72	1	2	
127	127	0	1/2		1/2	1		4	76	1	1	
127	127	1/4	1/4		1/4	1		3	45	3	1	
127	127	3/8	1/8		1/8	1		5	71	1	2	
127	127	1/2	1/4		1/4	1		-1	53	3	1	
127	127	1/2	1/4		1/4	1		3	69	1	2	
127	127	1/2	1/4		1/4	1		2	74	1	1	
127	127	3/4	1/4		1/4	1		4	52	3	1	
127	127	3/4	1/4		1/4	1		1	67	1	2	
127	127	3/4	1/4		1/4	1		7	73	1	1	
128	128	0	1/4		1/4	1		2	50	3	1	
128	128	0	1.0		1.0	1		3	57	2	1	
128	128	0	1/8		1/8	1		-1	65	1	2	
128	128	0	1/4		1/4	1		2	74	1	1	
128	128	1/8	1/16		1/16	1		1	67	1	2	
128	128	3/16	1/16		1/16	1		-1	65	1	2	
128	128	1/4	1/8		1/8	1		0	48	3	1	
128	128	1/4	1/4		1/4	1	1	4	64	1	2	
128	128	1/4	1/4		1/4	1		3	69	1	1	
128	128	3/8	1/16		1/16	1		2	50	3	1	
128	128	7/16	1/16		1/16	1		4	52	3	1	
128	128	1/2	1/2		1/2	1		-1	53	3	1	
128	128	1/2	1/8		1/8	1	-1	4	64	1	2	
128	128	1/2	1/2		1/2	1		3	69	1	1	
128	128	5/8	1/16		1/16	1		-1	65	1	2	
128	128	11/16	1/16		1/16	1		4	64	1	2	
128	128	3/4	1/16		1/16	1		2	62	1	2	
128	128	13/16	1/16		1/16	1		4	64	1	2	
128	128	7/8	1/16		1/16	1		-1	65	1	2	
128	128	15/16	1/16		1/16	1		2	62	1	2	
129	129	0	1.0		1.0	1		4	52	3	1	
129	129	0	1.0		1.0	1		8	56	2	1	
129	129	0	1/2		1/2	1		4	64	1	2	
129	129	1/4	1/4		1/4	1		5	71	1	1	
129	129	1/2	3/8		1/4	3/2		4	76	1	1	
129	129	3/4	1/4		1/4	1		5	59	1	2	
129	129	7/8	1/8		1/8	1		2	74	1	1	
130	130	0	1.0		1.0	1		4	52	3	1	
130	130	0	1.0		1.0	1		1	55	2	1	
130	130	0	3/8		1/4	3/2		4	64	1	2	
130	130	0	1/4		1/4	1		0	72	1	1	
130	130	1/4	1/4		1/4	1		5	71	1	1	
130	130	3/8	1/8		1/8	1		2	62	1	2	
130	130	1/2	1/4		1/4	1		0	60	1	2	
130	130	1/2	1/2		1/2	1	1	4	76	1	1	
130	130	3/4	1/4		1/4	1		5	59	1	2	
131	131	0	1.0		1.0	1		6	54	2	1	
131	131	0	1.0		1.0	1		3	57	1	2	
131	131	0	1/4		1/4	1	-1	4	76	1	1	
131	131	1/4	1/4		1/4	1		4	76	1	1	
131	131	1/2	1/4		1/4	1		2	74	1	1	
131	131	3/4	1/4		1/4	1		3	45	3	1	
131	131	3/4	1/4		1/4	1		7	73	1	1	
132	132	0	3/8		1/4	3/2		2	50	3	1	
132	132	0	1.0		1.0	1		-1	53	2	1	
132	132	0	1/2		1/2	1		3	57	1	2	
132	132	0	1/4		1/4	1		2	74	1	1	
132	132	1/4	1/4		1/4	1		3	69	1	1	
132	132	3/8	1/8		1/8	1		0	48	3	1	
132	132	1/2	1/4		1/4	1		-2	46	3	1	
132	132	1/2	1/2		1/2	1	1	2	74	1	1	
132	132	3/4	1/4		1/4	1		3	45	3	1	
133	133	0	1/2		1/2	1		1	43	3	1	
133	133	0	1.0		1.0	1		4	52	2	1	
133	133	0	1/4		1/4	1	-1	2	74	1	1	
133	133	1/4	1/4		1/4	1		2	74	1	1	
133	133	1/2	1/2		1/2	1		3	45	3	1	
133	133	1/2	1/4		1/4	1		7	73	1	1	
133	133	3/4	1/4		1/4	1		4	64	1	2	
133	133	3/4	1/4		1/4	1		5	71	1	1	
134	134	0	1/2		1/2	1		3	45	3	1	
134	134	0	3/8		1/4	3/2		3	69	1	2	
134	134	0	1.0		1.0	1		7	73	1	1	
134	134	1/4	1/4		1/4	1		4	52	2	1	
134	134	3/8	1/8		1/8	1		1	67	1	2	
134	134	1/2	3/8		1/4	3/2		3	57	2	1	
134	134	1/2	1/4		1/4	1		6	66	1	2	
134	134	3/4	1/4		1/4	1		3	45	3	1	
134	134	3/4	1/4		1/4	1		4	64	1	2	
134	134	7/8	1/8		1/8	1		1	55	2	1	
135	135	0	3/8		1/4	3/2		2	50	3	1	
135	135	0	1/2		1/2	1		6	54	2	1	
135	135	0	1/2		1/2	1		2	62	1	2	
135	135	1/4	1/4		1/4	1		3	69	1	1	
135	135	3/8	1/8		1/8	1		0	48	3	1	
135	135	1/2	1/4		1/4	1		5	47	3	1	
135	135	1/2	1/2		1/2	1		2	50	2	1	
135	135	1/2	3/8		1/4	3/2		2	74	1	1	
135	135	3/4	1/4		1/4	1		3	45	3	1	
135	135	3/4	1/4		1/4	1		3	57	1	2	
135	135	7/8	1/8		1/8	1		0	72	1	1	
136	136	0	1/4		1/4	1		1	43	3	1	
136	136	0	1.0		1.0	1		2	50	2	1	
136	136	0	3/8		1/4	3/2		2	62	1	2	
136	136	0	1/4		1/4	1		5	71	1	1	
136	136	1/4	1/4		1/4	1		3	45	3	1	
136	136	1/4	1/4		1/4	1		3	69	1	1	
136	136	3/8	1/8		1/8	1		0	60	1	2	
136	136	1/2	1/2		1/2	1		5	47	3	1	
136	136	1/2	1/4		1/4	1		5	59	1	2	
136	136	1/2	1/4		1/4	1		1	67	1	1	
136	136	3/4	1/4		1/4	1		3	57	1	2	
136	136	3/4	1/4		1/4	1		-1	65	1	1	
137	137	0	3/8		1/4	3/2		0	48	3	1	
137	137	0	1.0		1.0	1		4	52	2	1	
137	137	0	1/2		1/2	1		1	55	1	2	
137	137	0	1/4		1/4	1		4	64	1	1	
137	137	1/4	1/4		1/4	1		1	67	1	1	
137	137	3/8	1/8		1/8	1		5	47	3	1	
137	137	1/2	1/4		1/4	1		3	45	3	1	
137	137	1/2	3/8		1/4	3/2		0	72	1	1	
137	137	3/4	1/4		1/4	1		1	43	3	1	
137	137	3/4	1/4		1/4	1		1	55	1	2	
137	137	7/8	1/8		1/8	1		5	71	1	1	
138	138	0	1/4		1/4	1		-1	41	3	1	
138	138	0	3/8		1/4	3/2		0	60	1	2	
138	138	0	1/4		1/4	1		3	69	1	1	
138	138	1/4	1/4		1/4	1		4	40	3	1	
138	138	1/4	1/4		1/4	1		0	60	2	1	
138	138	1/4	1/4		1/4	1		1	67	1	1	
138	138	3/8	1/8		1/8	1		5	59	1	2	
138	138	1/2	1/4		1/4	1		-1	41	3	1	
138	138	1/2	1/4		1/4	1		3	57	1	2	
138	138	1/2	3/8		1/4	3/2		0	60	2	1	
138	138	1/2	1/4		1/4	1		-1	65	1	1	
138	138	3/4	1/4		1/4	1		0	48	3	1	
138	138	3/4	1/4		1/4	1		1	55	1	2	
138	138	3/4	1/4		1/4	1		4	64	1	1	
138	138	7/8	1/8		1/8	1		5	59	2	1	
139	139	0	1/4		1/4	1		2	50	3	1	
139	139	0	1/4		1/4	1		-1	53	2	1	
139	139	0	1/4		1/4	1		3	57	2	2	
139	139	0	1/4		1/4	1		-1	65	1	1	
139	139	1/4	1/4		1/4	1		-2	46	3	1	
139	139	1/4	1/8		1/8	1		4	52	2	1	
139	139	1/4	1/4		1/4	1	1	2	62	1	2	
139	139	1/4	1/4		1/4	1		1	67	1	1	
139	139	3/8	1/8		1/8	1		2	50	2	1	
139	139	1/2	1/2		1/2	1		3	45	3	1	
139	139	1/2	1/2		1/2	1		4	52	2	1	
139	139	1/2	1/8		1/8	1	-1	2	62	1	2	
139	139	1/2	1/2		1/2	1		3	69	1	1	
139	139	5/8	1/8		1/8	1		4	64	1	2	
139	139	3/4	1/4		1/4	1		7	61	1	2	
140	140	0	1/8		1/8	1		2	50	2	1	
140	140	0	1/4		1/4	1		2	62	1	2	
140	140	0	1.0		1.0	1		3	69	1	1	
140	140	1/8	1/8		1/8	1		4	52	2	1	
140	140	1/4	1/4		1/4	1		2	50	2	2	
140	140	1/4	1/8		1/8	1		-1	53	2	1	
140	140	1/4	1/4		1/4	1		2	62	1	2	
140	140	3/8	1/8		1/8	1		1	55	2	1	
140	140	1/2	1/8		1/8	1		2	50	2	2	
140	140	1/2	1/2		1/2	1		3	57	2	1	
140	140	1/2	1/4		1/4	1		2	62	1	2	
140	140	5/8	1/8		1/8	1		4	52	2	2	
140	140	3/4	1/8		1/8	1		-1	53	2	2	
140	140	3/4	1/4		1/4	1		2	62	1	2	
140	140	7/8	1/8		1/8	1		1	55	2	2	
141	141	0	1/8		1/8	1		3	57	2	2	
141	141	0	1/2		1/2	1		7	61	2	1	
141	141	0	1.0		1.0	1		3	69	1	1	
141	141	1/8	1/16		1/16	1		1	55	2	2	
141	141	3/16	1/16		1/16	1		-1	53	2	2	
141	141	1/4	1/16		1/16	1		4	52	2	2	
141	141	5/16	1/16		1/16	1		2	50	2	2	
141	141	3/8	1/16		1/16	1		7	49	2	2	
141	141	7/16	1/16		1/16	1		5	47	2	2	
141	141	1/2	1/16		1/16	1		3	45	2	2	
141	141	1/2	1/2		1/2	1		0	60	2	1	
141	141	9/16	1/16		1/16	1		4	52	2	2	
141	141	5/8	1/16		1/16	1		2	50	2	2	
141	141	11/16	1/16		1/16	1		4	52	2	2	
141	141	3/4	1/16		1/16	1		3	45	2	2	
141	141	13/16	1/16		1/16	1		3	57	2	2	
141	141	7/8	1/16		1/16	1		1	55	2	2	
141	141	15/16	1/16		1/16	1		3	57	2	2	
142	142	0	1/16		1/16	1		4	52	2	2	
142	142	0	1.0		1.0	1		5	59	2	1	
142	142	0	1.0		1.0	1		8	68	1	1	
142	142	1/16	1/16		1/16	1		5	47	2	2	
142	142	1/8	1/16		1/16	1		0	48	2	2	
142	142	3/16	1/16		1/16	1		2	50	2	2	
142	142	1/4	1/16		1/16	1		4	52	2	2	
142	142	1/4	1/4		1/4	1		4	64	1	2	
142	142	5/16	1/16		1/16	1		6	54	2	2	
142	142	3/8	1/16		1/16	1		8	56	2	2	
142	142	7/16	1/16		1/16	1		3	57	2	2	
142	142	1/2	1/8		1/8	1		8	56	2	2	
142	142	1/2	1/4		1/4	1		4	64	1	2	
142	142	5/8	1/4		1/4	1		4	52	2	2	
142	142	3/4	1/4		1/4	1		4	64	1	2	
142	142	7/8	1/8		1/8	1		6	54	2	2	
143	143	0	1/16		1/16	1		1	55	2	2	
143	143	0	1.0		1.0	1		-2	58	2	1	
143	143	0	1.0		1.0	1		2	62	1	2	
143	143	0	1.0		1.0	1		1	67	1	1	
143	143	1/16	1/16		1/16	1		2	50	2	2	
143	143	1/8	1/16		1/16	1		4	52	2	2	
143	143	3/16	1/16		1/16	1		6	54	2	2	
143	143	1/4	1/16		1/16	1		1	55	2	2	
143	143	5/16	1/16		1/16	1		-2	46	2	2	
143	143	3/8	1/16		1/16	1		0	48	2	2	
143	143	7/16	1/16		1/16	1		2	50	2	2	
143	143	1/2	1/16		1/16	1		1	43	2	2	
143	143	9/16	1/16		1/16	1		1	55	2	2	
143	143	5/8	1/16		1/16	1		4	52	2	2	
143	143	11/16	1/16		1/16	1		6	54	2	2	
143	143	3/4	1/16		1/16	1		1	55	2	2	
143	143	13/16	1/16		1/16	1		1	43	2	2	
143	143	7/8	1/16		1/16	1		-2	46	2	2	
143	143	15/16	1/16		1/16	1		0	48	2	2	
144	144	0	1/16		1/16	1		2	50	2	2	
144	144	0	1.0		1.0	1		3	57	2	1	
144	144	0	1.0		1.0	1		6	66	1	1	
144	144	1/16	1/16		1/16	1		4	52	2	2	
144	144	1/8	1/16		1/16	1		6	54	2	2	
144	144	3/16	1/16		1/16	1		1	55	2	2	
144	144	1/4	1/16		1/16	1		3	57	2	2	
144	144	1/4	1/4		1/4	1		2	62	1	2	
144	144	5/16	1/16		1/16	1		6	54	2	2	
144	144	3/8	1/16		1/16	1		1	55	2	2	
144	144	7/16	1/16		1/16	1		4	52	2	2	
144	144	1/2	1/16		1/16	1		6	54	2	2	
144	144	1/2	1/4		1/4	1		2	62	1	2	
144	144	9/16	1/16		1/16	1		2	50	2	2	
144	144	5/8	1/16		1/16	1		4	52	2	2	
144	144	11/16	1/16		1/16	1		0	48	2	2	
144	144	3/4	1/16		1/16	1		2	50	2	2	
144	144	3/4	1/4		1/4	1		2	62	1	2	
144	144	13/16	1/16		1/16	1		2	38	2	2	
144	144	7/8	1/16		1/16	1		2	50	2	2	
144	144	15/16	1/16		1/16	1		4	52	2	2	
145	145	0	1/16		1/16	1		-1	53	2	2	
145	145	0	1.0		1.0	1		3	57	2	1	
145	145	0	1.0		1.0	1		0	60	1	2	
145	145	0	1.0		1.0	1		-1	65	1	1	
145	145	1/16	1/16		1/16	1		-1	41	2	2	
145	145	1/8	1/16		1/16	1		0	48	2	2	
145	145	3/16	1/16		1/16	1		-2	46	2	2	
145	145	1/4	1/16		1/16	1		3	45	2	2	
145	145	5/16	1/16		1/16	1		1	43	2	2	
145	145	3/8	1/16		1/16	1		-1	41	2	2	
145	145	7/16	1/16		1/16	1		4	40	2	2	
145	145	1/2	1/16		1/16	1		-1	41	2	2	
145	145	9/16	1/16		1/16	1		1	43	2	2	
145	145	5/8	1/16		1/16	1		3	45	2	2	
145	145	11/16	1/16		1/16	1		-2	46	2	2	
145	145	3/4	1/16		1/16	1		0	48	2	2	
145	145	13/16	1/16		1/16	1		2	50	2	2	
145	145	7/8	1/16		1/16	1		4	52	2	2	
145	145	15/16	1/16		1/16	1		-1	53	2	2	
146	146	0	1/16		1/16	1		0	48	2	2	
146	146	0	1/4		1/4	1		1	55	2	1	
146	146	0	1/2		1/2	1	1	0	60	1	2	
146	146	0	1/2		1/2	1		4	64	1	1	
146	146	1/16	1/16		1/16	1		2	50	2	2	
146	146	1/8	1/16		1/16	1		4	52	2	2	
146	146	3/16	1/16		1/16	1		-1	53	2	2	
146	146	1/4	1/16		1/16	1		1	55	2	2	
146	146	5/16	1/16		1/16	1		3	57	2	2	
146	146	3/8	1/16		1/16	1		5	59	2	2	
146	146	7/16	1/16		1/16	1		0	60	2	2	
146	146	1/2	1/16		1/16	1		2	62	1	1	
146	146	9/16	1/16		1/16	1		4	64	1	1	
146	146	5/8	1/16		1/16	1		-1	65	1	1	
146	146	11/16	1/16		1/16	1		1	67	1	1	
146	146	3/4	1/16		1/16	1		3	69	1	1	
146	146	13/16	1/16		1/16	1		5	71	1	1	
146	146	7/8	1/16		1/16	1		0	72	1	1	
146	146	15/16	1/16		1/16	1		2	74	1	1	
147	147	0	1.0		1.0	1		0	48	2	2	
147	147	0	1.0		1.0	1		1	55	2	1	
147	147	0	1.0		1.0	1		0	60	2	1	
147	147	0	1/16		1/16	1		4	76	1	1	
147	147	1/16	1/16		1/16	1		-1	77	1	1	
147	147	1/8	1/16		1/16	1		1	79	1	1	
147	147	3/16	1/16		1/16	1		-1	77	1	1	
147	147	1/4	1/16		1/16	1		2	74	1	1	
147	147	5/16	1/16		1/16	1		4	76	1	1	
147	147	3/8	1/16		1/16	1		-1	77	1	1	
147	147	7/16	1/16		1/16	1		4	76	1	1	
147	147	1/2	1/16		1/16	1		-1	77	1	1	
147	147	9/16	1/16		1/16	1		4	76	1	1	
147	147	5/8	1/16		1/16	1		-1	77	1	1	
147	147	11/16	1/16		1/16	1		4	76	1	1	
147	147	3/4	1/16		1/16	1		-1	77	1	1	
147	147	13/16	1/16		1/16	1		4	76	1	1	
147	147	7/8	1/16		1/16	1		2	74	1	1	
147	147	15/16	1/16		1/16	1		4	76	1	1	
148	148	0	1/2		1/2	1		2	50	2	2	
148	148	0	1/2		1/2	1		-1	53	2	3	
148	148	0	1/4		1/4	1		-2	58	2	1	
148	148	0	1/16		1/16	1		-1	77	1	1	
148	148	1/16	1/16		1/16	1		2	74	1	1	
148	148	1/8	1/16		1/16	1		2	74	1	1	
148	148	3/16	1/16		1/16	1		4	76	1	1	
148	148	1/4	1/2		1/2	1		3	57	2	1	
148	148	1/4	1/16		1/16	1		-1	77	1	1	
148	148	5/16	1/16		1/16	1		3	69	1	1	
148	148	3/8	1/16		1/16	1		5	71	1	1	
148	148	7/16	1/16		1/16	1		0	72	1	1	
148	148	1/2	1/2		1/2	1		-2	46	2	2	
148	148	1/2	1/2		1/2	1		2	50	2	3	
148	148	1/2	1/16		1/16	1		2	74	1	1	
148	148	9/16	1/16		1/16	1		2	62	1	1	
148	148	5/8	1/16		1/16	1		4	64	1	1	
148	148	11/16	1/16		1/16	1		-1	65	1	1	
148	148	3/4	1/4		1/4	1		1	55	2	1	
148	148	3/4	1/32		1/32	1		1	67	1	1	
148	148	25/32	1/32		1/32	1		3	69	1	1	
148	148	13/16	1/32		1/32	1		-2	70	1	1	
148	148	27/32	1/32		1/32	1		3	69	1	1	
148	148	7/8	1/32		1/32	1		1	67	1	1	
148	148	29/32	1/32		1/32	1		-1	65	1	1	
148	148	15/16	1/32		1/32	1		4	64	1	1	
148	148	31/32	1/32		1/32	1		2	62	1	1	
149	149	0	1/2		1/2	1		3	45	2	2	
149	149	0	1/2		1/2	1		4	52	2	3	
149	149	0	1/4		1/4	1		3	57	2	1	
149	149	0	1/4		1/4	1		7	61	1	1	
149	149	1/4	1/4		1/4	1		3	57	2	1	
149	149	1/4	1/4		1/4	1		3	69	1	1	
149	149	1/2	1/8		1/8	1		3	57	2	1	
149	149	1/2	1/4		1/4	1		3	69	1	1	
149	149	5/8	1/8		1/8	1		5	59	2	1	
149	149	3/4	1/8		1/8	1		0	60	2	1	
149	149	3/4	1/4		1/4	1		3	69	1	1	
149	149	7/8	1/8		1/8	1		2	62	2	1	
150	150	0	1/8		1/8	1		4	64	2	1	
150	150	0	1/4		1/4	1		8	68	1	1	
150	150	1/8	1/16		1/16	1		4	52	2	1	
150	150	3/16	1/16		1/16	1		-1	53	2	1	
150	150	1/4	1/16		1/16	1		1	55	2	1	
150	150	1/4	1/4		1/4	1		1	67	1	1	
150	150	5/16	1/16		1/16	1		3	57	2	1	
150	150	3/8	1/16		1/16	1		5	59	2	1	
150	150	7/16	1/16		1/16	1		0	60	2	1	
150	150	1/2	1/8		1/8	1		2	62	2	1	
150	150	1/2	1/4		1/4	1		6	66	1	1	
150	150	5/8	1/16		1/16	1		2	50	2	1	
150	150	11/16	1/16		1/16	1		4	52	2	1	
150	150	3/4	1/16		1/16	1		-1	53	2	1	
150	150	3/4	1/4		1/4	1		-1	65	1	1	
150	150	13/16	1/16		1/16	1		1	55	2	1	
150	150	7/8	1/16		1/16	1		3	57	2	1	
150	150	15/16	1/16		1/16	1		5	59	2	1	
151	151	0	1/8		1/8	1		0	60	2	1	
151	151	0	1/4		1/4	1		4	64	1	1	
151	151	1/8	1/16		1/16	1		3	57	2	1	
151	151	3/16	1/16		1/16	1		5	59	2	1	
151	151	1/4	1/16		1/16	1	-1	0	60	1	2	
151	151	1/4	1/4		1/4	1		4	76	1	1	
151	151	5/16	1/16		1/16	1		2	62	1	2	
151	151	3/8	1/16		1/16	1		4	64	1	2	
151	151	7/16	1/16		1/16	1		-1	65	1	2	
151	151	1/2	1/8		1/8	1		1	67	1	2	
151	151	1/2	1/4		1/4	1		4	76	1	1	
151	151	5/8	1/16		1/16	1		0	60	1	2	
151	151	11/16	1/16		1/16	1		2	62	1	2	
151	151	3/4	1/16		1/16	1		4	64	1	2	
151	151	3/4	1/4		1/4	1		4	76	1	1	
151	151	13/16	1/16		1/16	1		-1	65	1	2	
151	151	7/8	1/16		1/16	1		1	67	1	2	
151	151	15/16	1/16		1/16	1		3	69	1	2	
152	152	0	1/8		1/8	1		5	71	1	2	
152	152	0	1/4		1/4	1		9	75	1	1	
152	152	1/8	1/16		1/16	1		5	59	1	2	
152	152	3/16	1/16		1/16	1		0	60	1	2	
152	152	1/4	1/16		1/16	1		2	62	1	2	
152	152	1/4	1/4		1/4	1		2	74	1	1	
152	152	5/16	1/16		1/16	1		4	64	1	2	
152	152	3/8	1/16		1/16	1		-1	65	1	2	
152	152	7/16	1/16		1/16	1		1	67	1	2	
152	152	1/2	1/8		1/8	1		3	69	1	2	
152	152	1/2	1/4		1/4	1		7	73	1	1	
152	152	5/8	1/8		1/8	1	1	3	57	1	2	
152	152	3/4	1/16		1/16	1	-1	3	57	1	2	
152	152	3/4	1/4		1/4	1		0	72	1	1	
152	152	13/16	1/16		1/16	1		5	59	1	2	
152	152	7/8	1/16		1/16	1		0	60	1	2	
152	152	15/16	1/16		1/16	1		2	62	1	2	
153	153	0	1/8		1/8	1		4	64	1	2	
153	153	0	1/4		1/4	1		5	71	1	1	
153	153	1/8	1/8		1/8	1	1	5	59	1	2	
153	153	1/4	1/16		1/16	1	-1	5	59	1	2	
153	153	1/4	1/4		1/4	1		2	74	1	1	
153	153	5/16	1/16		1/16	1		0	60	1	2	
153	153	3/8	1/16		1/16	1		2	62	1	2	
153	153	7/16	1/16		1/16	1		4	64	1	2	
153	153	1/2	1/8		1/8	1		6	66	1	2	
153	153	1/2	1/4		1/4	1		2	74	1	1	
153	153	5/8	1/8		1/8	1	1	2	62	1	2	
153	153	3/4	1/16		1/16	1	-1	2	62	1	2	
153	153	3/4	1/4		1/4	1		2	74	1	1	
153	153	13/16	1/16		1/16	1		4	64	1	2	
153	153	7/8	1/16		1/16	1		6	66	1	2	
153	153	15/16	1/16		1/16	1		1	67	1	2	
154	154	0	1/8		1/8	1		3	69	1	2	
154	154	0	1/4		1/4	1		7	73	1	1	
154	154	1/8	1/8		1/8	1		4	64	1	2	
154	154	1/4	1/16		1/16	1		3	69	1	2	
154	154	1/4	1/4		1/4	1		0	72	1	1	
154	154	5/16	1/16		1/16	1		1	67	1	2	
154	154	3/8	1/16		1/16	1		-1	65	1	2	
154	154	7/16	1/16		1/16	1		4	64	1	2	
154	154	1/2	1/16		1/16	1		2	62	1	2	
154	154	1/2	1/4		1/4	1		5	71	1	1	
154	154	9/16	1/16		1/16	1		0	60	1	2	
154	154	5/8	1/16		1/16	1		5	59	1	2	
154	154	11/16	1/16		1/16	1		3	57	1	2	
154	154	3/4	1/16		1/16	1		1	55	1	2	
154	154	3/4	1/4		1/4	1		-2	70	1	1	
154	154	13/16	1/16		1/16	1		-1	53	1	2	
154	154	7/8	1/16		1/16	1		4	52	1	2	
154	154	15/16	1/16		1/16	1		2	50	1	2	
155	155	0	1/16		1/16	1		0	48	2	1	
155	155	0	1/4		1/4	1		3	69	1	1	
155	155	1/16	1/16		1/16	1		5	47	2	1	
155	155	1/8	1/16		1/16	1		3	45	2	1	
155	155	3/16	1/16		1/16	1		1	43	2	1	
155	155	1/4	1/16		1/16	1		3	45	2	1	
155	155	1/4	1/4		1/4	1		0	72	1	1	
155	155	5/16	1/16		1/16	1		5	47	2	1	
155	155	3/8	1/16		1/16	1		0	48	2	1	
155	155	7/16	1/16		1/16	1		2	50	2	1	
155	155	1/2	1/16		1/16	1		4	52	2	1	
155	155	1/2	1/4		1/4	1		0	72	1	1	
155	155	9/16	1/16		1/16	1		3	45	2	1	
155	155	5/8	1/16		1/16	1		0	48	2	1	
155	155	11/16	1/16		1/16	1		2	50	2	1	
155	155	3/4	1/16		1/16	1		4	52	2	1	
155	155	3/4	1/4		1/4	1		0	72	1	1	
155	155	13/16	1/16		1/16	1		0	48	2	1	
155	155	7/8	1/16		1/16	1		4	52	2	1	
155	155	15/16	1/16		1/16	1		-1	53	2	1	
156	156	0	1/16		1/16	1		1	55	2	1	
156	156	0	1/4		1/4	1		5	71	1	1	
156	156	1/16	1/16		1/16	1		3	57	2	1	
156	156	1/8	1/16		1/16	1		5	59	2	1	
156	156	3/16	1/16		1/16	1		0	60	2	1	
156	156	1/4	1/16		1/16	1		2	62	2	1	
156	156	1/4	1/4		1/4	1		-2	70	1	1	
156	156	5/16	1/16		1/16	1		1	55	2	1	
156	156	3/8	1/16		1/16	1		-2	58	2	1	
156	156	7/16	1/16		1/16	1		0	60	2	1	
156	156	1/2	1/16		1/16	1		2	62	2	1	
156	156	1/2	1/4		1/4	1		3	69	1	1	
156	156	9/16	1/16		1/16	1		2	50	2	1	
156	156	5/8	1/16		1/16	1		-1	53	2	1	
156	156	11/16	1/16		1/16	1		1	55	2	1	
156	156	3/4	1/16		1/16	1		3	57	2	1	
156	156	3/4	1/4		1/4	1		3	69	1	1	
156	156	13/16	1/16		1/16	1		-1	53	2	1	
156	156	7/8	1/16		1/16	1		3	57	2	1	
156	156	15/16	1/16		1/16	1		5	59	2	1	
157	157	0	1/16		1/16	1		0	60	1	1	
157	157	0	1/4		1/4	1		1	67	1	2	
157	157	1/16	1/16		1/16	1		2	62	1	1	
157	157	1/8	1/16		1/16	1		4	64	1	1	
157	157	3/16	1/16		1/16	1		-1	65	1	1	
157	157	1/4	1/8		1/8	1		1	67	1	1	
157	157	1/4	1/4		1/4	1		-2	70	1	2	
157	157	3/8	1/16		1/16	1		-1	65	1	1	
157	157	7/16	1/16		1/16	1		4	64	1	1	
157	157	1/2	1/16		1/16	1		2	62	1	1	
157	157	1/2	1/4		1/4	1		-2	70	1	2	
157	157	9/16	1/16		1/16	1		0	60	1	1	
157	157	5/8	1/16		1/16	1		-2	58	1	1	
157	157	11/16	1/16		1/16	1		3	57	1	1	
157	157	3/4	1/16		1/16	1		1	55	1	1	
157	157	3/4	1/4		1/4	1		-2	70	1	2	
157	157	13/16	1/16		1/16	1		-1	53	1	1	
157	157	7/8	1/16		1/16	1		4	52	1	1	
157	157	15/16	1/16		1/16	1		2	50	1	1	
158	158	0	1/16		1/16	1		0	48	2	1	
158	158	0	1/4		1/4	1		3	69	1	1	
158	158	1/16	1/16		1/16	1		5	47	2	1	
158	158	1/8	1/16		1/16	1		3	45	2	1	
158	158	3/16	1/16		1/16	1		1	43	2	1	
158	158	1/4	1/16		1/16	1		-1	41	2	1	
158	158	1/4	1/4		1/4	1		3	69	1	1	
158	158	5/16	1/16		1/16	1		1	43	2	1	
158	158	3/8	1/16		1/16	1		3	45	2	1	
158	158	7/16	1/16		1/16	1		5	47	2	1	
158	158	1/2	1/16		1/16	1		0	48	2	1	
158	158	1/2	1/4		1/4	1		1	67	1	1	
158	158	9/16	1/16		1/16	1		2	50	2	1	
158	158	5/8	1/16		1/16	1		4	52	2	1	
158	158	11/16	1/16		1/16	1		-1	53	2	1	
158	158	3/4	1/16		1/16	1		1	55	2	1	
158	158	3/4	1/4		1/4	1		1	67	1	1	
158	158	13/16	1/16		1/16	1		3	57	2	1	
158	158	7/8	1/16		1/16	1		5	59	2	1	
158	158	15/16	1/16		1/16	1		0	60	2	1	
159	159	0	1/16		1/16	1		2	62	2	1	
159	159	0	1/4		1/4	1		6	66	1	1	
159	159	1/16	1/16		1/16	1		3	57	2	1	
159	159	1/8	1/16		1/16	1		2	62	2	1	
159	159	3/16	1/16		1/16	1		0	60	2	1	
159	159	1/4	1/16		1/16	1		5	59	2	1	
159	159	1/4	1/4		1/4	1		1	67	1	1	
159	159	5/16	1/16		1/16	1		3	57	2	1	
159	159	3/8	1/16		1/16	1		1	55	2	1	
159	159	7/16	1/16		1/16	1		-1	53	2	1	
159	159	1/2	1/16		1/16	1		4	52	2	1	
159	159	1/2	1/4		1/4	1		1	67	1	1	
159	159	9/16	1/16		1/16	1		0	48	2	1	
159	159	5/8	1/16		1/16	1		1	55	2	1	
159	159	11/16	1/16		1/16	1		-1	53	2	1	
159	159	3/4	1/16		1/16	1		4	52	2	1	
159	159	3/4	1/4		1/4	1		1	67	1	1	
159	159	13/16	1/16		1/16	1		2	50	2	1	
159	159	7/8	1/16		1/16	1		0	48	2	1	
159	159	15/16	1/16		1/16	1		5	47	2	1	
160	160	0	1/16		1/16	1		3	45	2	1	
160	160	0	1/4		1/4	1		6	66	1	1	
160	160	1/16	1/16		1/16	1		3	57	2	1	
160	160	1/8	1/16		1/16	1		2	50	2	1	
160	160	3/16	1/16		1/16	1		4	52	2	1	
160	160	1/4	1/16		1/16	1		-1	53	2	1	
160	160	1/4	1/4		1/4	1		-1	65	1	1	
160	160	5/16	1/16		1/16	1		1	55	2	1	
160	160	3/8	1/16		1/16	1		3	57	2	1	
160	160	7/16	1/16		1/16	1		5	59	2	1	
160	160	1/2	1/16		1/16	1		7	61	2	1	
160	160	1/2	1/4		1/4	1		4	64	1	1	
160	160	9/16	1/16		1/16	1		3	57	2	1	
160	160	5/8	1/16		1/16	1		5	59	2	1	
160	160	11/16	1/16		1/16	1		7	61	2	1	
160	160	3/4	1/16		1/16	1		2	62	2	1	
160	160	3/4	1/4		1/4	1		4	64	1	1	
160	160	13/16	1/16		1/16	1		7	61	2	1	
160	160	7/8	1/32		1/32	1		2	62	2	1	
160	160	29/32	1/32		1/32	1		7	61	2	1	
160	160	15/16	1/32		1/32	1		5	59	2	1	
160	160	31/32	1/32		1/32	1		7	61	2	1	
161	161	0	1/16		1/16	1		2	62	1	1	
161	161	0	1/4		1/4	1		2	62	1	2	
161	161	1/16	1/16		1/16	1		4	64	1	1	
161	161	1/8	1/16		1/16	1		-1	65	1	1	
161	161	3/16	1/16		1/16	1		1	67	1	1	
161	161	1/4	1/4		1/4	1		3	57	3	1	
161	161	1/4	1/4		1/4	1		0	60	2	1	
161	161	1/4	1/4		1/4	1		4	64	1	2	
161	161	1/4	1/16		1/16	1		3	69	1	1	
161	161	5/16	1/16		1/16	1		5	71	1	1	
161	161	3/8	1/16		1/16	1		0	72	1	1	
161	161	7/16	1/16		1/16	1		2	74	1	1	
161	161	1/2	1/4		1/4	1		3	57	3	1	
161	161	1/2	1/8		1/8	1		0	60	2	1	
161	161	1/2	1/16		1/16	1		4	76	1	1	
161	161	9/16	1/16		1/16	1		3	69	1	1	
161	161	5/8	1/8		1/8	1		2	62	2	1	
161	161	5/8	1/16		1/16	1		3	69	1	1	
161	161	11/16	1/16		1/16	1		5	71	1	1	
161	161	3/4	1/4		1/4	1		3	57	3	1	
161	161	3/4	1/8		1/8	1		4	64	2	1	
161	161	3/4	1/16		1/16	1		0	72	1	1	
161	161	13/16	1/16		1/16	1		5	71	1	1	
161	161	7/8	1/8		1/8	1		0	60	2	1	
161	161	7/8	1/16		1/16	1		0	72	1	1	
161	161	15/16	1/16		1/16	1		3	69	1	1	
162	162	0	1/4		1/4	1		8	56	3	1	
162	162	0	1/8		1/8	1		4	64	2	1	
162	162	0	1/16		1/16	1		5	71	1	1	
162	162	1/16	1/16		1/16	1		8	68	1	1	
162	162	1/8	1/8		1/8	1		5	59	2	1	
162	162	1/8	1/16		1/16	1		8	68	1	1	
162	162	3/16	1/16		1/16	1		3	69	1	1	
162	162	1/4	1/8		1/8	1		4	52	2	1	
162	162	1/4	1/4		1/4	1		1	55	3	1	
162	162	1/4	1/16		1/16	1		5	71	1	1	
162	162	5/16	1/16		1/16	1		3	69	1	1	
162	162	3/8	1/8		1/8	1		4	64	2	1	
162	162	3/8	1/16		1/16	1		5	71	1	1	
162	162	7/16	1/16		1/16	1		1	67	1	1	
162	162	1/2	1/4		1/4	1		6	54	3	1	
162	162	1/2	1/8		1/8	1		2	62	2	1	
162	162	1/2	1/16		1/16	1		3	69	1	1	
162	162	9/16	1/16		1/16	1		6	66	1	1	
162	162	5/8	1/8		1/8	1		3	57	2	1	
162	162	5/8	1/16		1/16	1		6	66	1	1	
162	162	11/16	1/16		1/16	1		1	67	1	1	
162	162	3/4	1/8		1/8	1		2	50	2	1	
162	162	3/4	1/4		1/4	1		-1	53	3	1	
162	162	3/4	1/16		1/16	1		3	69	1	1	
162	162	13/16	1/16		1/16	1		1	67	1	1	
162	162	7/8	1/8		1/8	1		2	62	2	1	
162	162	7/8	1/16		1/16	1		3	69	1	1	
162	162	15/16	1/16		1/16	1		-1	65	1	1	
163	163	0	1/4		1/4	1		4	52	3	1	
163	163	0	1/8		1/8	1		4	64	2	1	
163	163	0	1/16		1/16	1		1	67	1	1	
163	163	1/16	1/16		1/16	1		1	67	1	1	
163	163	1/8	1/8		1/8	1		0	60	2	1	
163	163	1/8	1/16		1/16	1		1	67	1	1	
163	163	3/16	1/16		1/16	1		3	69	1	1	
163	163	1/4	1/4		1/4	1		1	55	3	1	
163	163	1/4	1/8		1/8	1		5	59	2	1	
163	163	1/4	1/16		1/16	1		5	71	1	1	
163	163	5/16	1/16		1/16	1		0	72	1	1	
163	163	3/8	1/8		1/8	1		3	57	2	1	
163	163	3/8	1/16		1/16	1		2	74	1	1	
163	163	7/16	1/16		1/16	1		4	76	1	1	
163	163	1/2	1/4		1/4	1		1	55	3	1	
163	163	1/2	1/8		1/8	1		5	59	2	1	
163	163	1/2	1/16		1/16	1		2	74	1	1	
163	163	9/16	1/16		1/16	1		0	72	1	1	
163	163	5/8	1/8		1/8	1		0	60	2	1	
163	163	5/8	1/16		1/16	1		5	71	1	1	
163	163	11/16	1/16		1/16	1		3	69	1	1	
163	163	3/4	1/4		1/4	1		1	55	3	1	
163	163	3/4	1/8		1/8	1		2	62	2	1	
163	163	3/4	1/16		1/16	1		5	71	1	1	
163	163	13/16	1/16		1/16	1		3	69	1	1	
163	163	7/8	1/8		1/8	1		5	59	2	1	
163	163	7/8	1/16		1/16	1		5	71	1	1	
163	163	15/16	1/16		1/16	1		1	67	1	1	
164	164	0	1/4		1/4	1		6	54	3	1	
164	164	0	1/8		1/8	1		2	62	2	1	
164	164	0	1/16		1/16	1		3	69	1	1	
164	164	1/16	1/16		1/16	1		1	67	1	1	
164	164	1/8	1/4		1/4	1		3	57	2	1	
164	164	1/8	1/16		1/16	1		6	66	1	1	
164	164	3/16	1/16		1/16	1		1	67	1	1	
164	164	1/4	1/4		1/4	1		-1	53	3	1	
164	164	1/4	1/16		1/16	1		3	69	1	1	
164	164	5/16	1/16		1/16	1		5	71	1	1	
164	164	3/8	1/8		1/8	1		3	57	2	1	
164	164	3/8	1/16		1/16	1		0	72	1	1	
164	164	7/16	1/16		1/16	1		2	74	1	1	
164	164	1/2	1/4		1/4	1		4	52	3	1	
164	164	1/2	1/8		1/8	1		5	59	2	1	
164	164	1/2	1/16		1/16	1		4	76	1	1	
164	164	9/16	1/16		1/16	1		-1	77	1	1	
164	164	5/8	1/8		1/8	1		3	57	2	1	
164	164	5/8	1/16		1/16	1		1	79	1	1	
164	164	11/16	1/16		1/16	1		3	81	1	1	
164	164	3/4	1/4		1/4	1		4	52	3	1	
164	164	3/4	1/8		1/8	1		5	59	2	1	
164	164	3/4	1/32		1/32	1		1	79	1	1	
164	164	25/32	1/32		1/32	1		-1	77	1	1	
164	164	13/16	1/32		1/32	1		4	76	1	1	
164	164	27/32	1/32		1/32	1		2	74	1	1	
164	164	7/8	1/8		1/8	1		0	60	2	1	
164	164	7/8	1/32		1/32	1		0	72	1	1	
164	164	29/32	1/32		1/32	1		5	71	1	1	
164	164	15/16	1/32		1/32	1		3	69	1	1	
164	164	31/32	1/32		1/32	1		1	67	1	1	
165	165	0	1/4		1/4	1		2	50	3	1	
165	165	0	1/8		1/8	1		2	62	2	1	
165	165	0	1/16		1/16	1		-1	65	1	1	
165	165	1/16	1/16		1/16	1		4	64	1	1	
165	165	1/8	1/8		1/8	1		2	62	2	1	
165	165	1/8	1/16		1/16	1		-1	65	1	1	
165	165	3/16	1/16		1/16	1		1	67	1	1	
165	165	1/4	1/4		1/4	1		-1	53	3	1	
165	165	1/4	1/8		1/8	1		0	60	2	1	
165	165	1/4	1/16		1/16	1		3	69	1	1	
165	165	5/16	1/16		1/16	1		5	71	1	1	
165	165	3/8	1/8		1/8	1		5	59	2	1	
165	165	3/8	1/16		1/16	1		0	72	1	1	
165	165	7/16	1/16		1/16	1		2	74	1	1	
165	165	1/2	1/4		1/4	1		-1	53	3	1	
165	165	1/2	1/8		1/8	1		3	57	2	1	
165	165	1/2	1/16		1/16	1		0	72	1	1	
165	165	9/16	1/16		1/16	1		3	69	1	1	
165	165	5/8	1/8		1/8	1		5	59	2	1	
165	165	5/8	1/16		1/16	1		-1	77	1	1	
165	165	11/16	1/16		1/16	1		4	76	1	1	
165	165	3/4	1/4		1/4	1		-1	53	3	1	
165	165	3/4	1/8		1/8	1		0	60	2	1	
165	165	3/4	1/16		1/16	1		2	74	1	1	
165	165	13/16	1/16		1/16	1		0	72	1	1	
165	165	7/8	1/8		1/8	1		2	62	2	1	
165	165	7/8	1/16		1/16	1		5	71	1	1	
165	165	15/16	1/16		1/16	1		3	69	1	1	
166	166	0	1/4		1/4	1		4	52	3	1	
166	166	0	1/8		1/8	1		1	55	2	1	
166	166	0	1/16		1/16	1		1	67	1	1	
166	166	1/16	1/16		1/16	1		4	64	1	1	
166	166	1/8	1/8		1/8	1		3	57	2	1	
166	166	1/8	1/16		1/16	1		4	76	1	1	
166	166	3/16	1/16		1/16	1		2	74	1	1	
166	166	1/4	1/4		1/4	1		4	52	3	1	
166	166	1/4	1/8		1/8	1		5	59	2	1	
166	166	1/4	1/16		1/16	1		0	72	1	1	
166	166	5/16	1/16		1/16	1		5	71	1	1	
166	166	3/8	1/8		1/8	1		0	60	2	1	
166	166	3/8	1/16		1/16	1		3	69	1	1	
166	166	7/16	1/16		1/16	1		1	67	1	1	
166	166	1/2	1/4		1/4	1		2	50	3	1	
166	166	1/2	1/8		1/8	1		-1	53	2	1	
166	166	1/2	1/16		1/16	1		-1	65	1	1	
166	166	9/16	1/16		1/16	1		2	62	1	1	
166	166	5/8	1/8		1/8	1		1	55	2	1	
166	166	5/8	1/16		1/16	1		2	74	1	1	
166	166	11/16	1/16		1/16	1		0	72	1	1	
166	166	3/4	1/4		1/4	1		2	50	3	1	
166	166	3/4	1/8		1/8	1		3	57	2	1	
166	166	3/4	1/16		1/16	1		5	71	1	1	
166	166	13/16	1/16		1/16	1		3	69	1	1	
166	166	7/8	1/8		1/8	1		5	59	2	1	
166	166	7/8	1/16		1/16	1		1	67	1	1	
166	166	15/16	1/16		1/16	1		-1	65	1	1	
167	167	0	1/4		1/4	1		0	48	3	1	
167	167	0	1/4		1/4	1		0	60	2	1	
167	167	0	1/24		1/16	2/3		4	64	1	1	
167	167	1/24	1/24		1/16	2/3		2	62	1	1	
167	167	1/12	1/24		1/16	2/3		0	60	1	1	
167	167	1/8	1/24		1/16	2/3		2	62	1	1	
167	167	1/6	1/24		1/16	2/3		4	64	1	1	
167	167	5/24	1/24		1/16	2/3		-1	65	1	1	
167	167	1/4	1/4		1/4	1		4	52	3	1	
167	167	1/4	1/4		1/4	1		5	59	2	1	
167	167	1/4	1/24		1/16	2/3		1	67	1	1	
167	167	7/24	1/24		1/16	2/3		-1	65	1	1	
167	167	1/3	1/24		1/16	2/3		1	67	1	1	
167	167	3/8	1/24		1/16	2/3		3	69	1	1	
167	167	5/12	1/24		1/16	2/3		1	67	1	1	
167	167	11/24	1/24		1/16	2/3		-1	65	1	1	
167	167	1/2	1/4		1/4	1		4	52	3	1	
167	167	1/2	1/4		1/4	1		1	55	2	1	
167	167	1/2	1/24		1/16	2/3		4	64	1	1	
167	167	13/24	1/24		1/16	2/3		2	62	1	1	
167	167	7/12	1/24		1/16	2/3		4	64	1	1	
167	167	5/8	1/24		1/16	2/3		-1	65	1	1	
167	167	2/3	1/24		1/16	2/3		4	64	1	1	
167	167	17/24	1/24		1/16	2/3		-1	65	1	1	
167	167	3/4	1/4		1/4	1		4	52	3	1	
167	167	3/4	1/4		1/4	1		5	59	2	1	
167	167	3/4	1/24		1/16	2/3		1	67	1	1	
167	167	19/24	1/24		1/16	2/3		-1	65	1	1	
167	167	5/6	1/24		1/16	2/3		1	67	1	1	
167	167	7/8	1/24		1/16	2/3		3	69	1	1	
167	167	11/12	1/24		1/16	2/3		1	67	1	1	
167	167	23/24	1/24		1/16	2/3		3	69	1	1	
168	168	0	1/4		1/4	1		9	51	3	1	
168	168	0	1/4		1/4	1		6	54	2	1	
168	168	0	1/24		1/16	2/3		5	71	1	1	
168	168	1/24	1/24		1/16	2/3		3	69	1	1	
168	168	1/12	1/24		1/16	2/3		5	71	1	1	
168	168	1/8	1/24		1/16	2/3		0	72	1	1	
168	168	1/6	1/24		1/16	2/3		5	71	1	1	
168	168	5/24	1/24		1/16	2/3		0	72	1	1	
168	168	1/4	1/4		1/4	1		2	50	3	1	
168	168	1/4	1/2		1/2	1		5	59	2	1	
168	168	1/4	1/24		1/16	2/3		2	74	1	1	
168	168	7/24	1/24		1/16	2/3		0	72	1	1	
168	168	1/3	1/24		1/16	2/3		5	71	1	1	
168	168	3/8	1/24		1/16	2/3		3	69	1	1	
168	168	5/12	1/24		1/16	2/3		1	67	1	1	
168	168	11/24	1/24		1/16	2/3		-1	65	1	1	
168	168	1/2	1/4		1/4	1		7	49	3	1	
168	168	1/2	1/24		1/16	2/3		4	76	1	1	
168	168	13/24	1/24		1/16	2/3		2	74	1	1	
168	168	7/12	1/24		1/16	2/3		7	73	1	1	
168	168	5/8	1/24		1/16	2/3		5	71	1	1	
168	168	2/3	1/24		1/16	2/3		3	69	1	1	
168	168	17/24	1/24		1/16	2/3		1	67	1	1	
168	168	3/4	1/4		1/4	1		0	48	3	1	
168	168	3/4	1/4		1/4	1		3	57	2	1	
168	168	3/4	1/24		1/16	2/3		0	72	1	1	
168	168	19/24	1/24		1/16	2/3		5	71	1	1	
168	168	5/6	1/24		1/16	2/3		3	69	1	1	
168	168	7/8	1/24		1/16	2/3		1	67	1	1	
168	168	11/12	1/24		1/16	2/3		-1	65	1	1	
168	168	23/24	1/24		1/16	2/3		4	64	1	1	
169	169	0	1/4		1/4	1		5	47	3	1	
169	169	0	1/2		1/2	1		5	59	2	1	
169	169	0	1/4		1/4	1		2	62	1	2	
169	169	1/4	1/4		1/4	1		2	50	3	1	
169	169	1/4	1/24		1/16	2/3		2	62	1	2	
169	169	7/24	1/24		1/16	2/3		0	60	1	2	
169	169	1/3	1/24		1/16	2/3		5	59	1	2	
169	169	3/8	1/24		1/16	2/3		0	60	1	2	
169	169	5/12	1/24		1/16	2/3		2	62	1	2	
169	169	11/24	1/24		1/16	2/3		4	64	1	2	
169	169	1/2	1/4		1/4	1		2	50	3	1	
169	169	1/2	1/4		1/4	1		3	57	2	1	
169	169	1/2	1/24		1/16	2/3		6	66	1	2	
169	169	13/24	1/24		1/16	2/3		4	64	1	2	
169	169	7/12	1/24		1/16	2/3		2	62	1	2	
169	169	5/8	1/24		1/16	2/3		4	64	1	2	
169	169	2/3	1/24		1/16	2/3		6	66	1	2	
169	169	17/24	1/24		1/16	2/3		1	67	1	2	
169	169	3/4	1/4		1/4	1		2	50	3	1	
169	169	3/4	1/4		1/4	1		6	54	2	1	
169	169	3/4	1/24		1/16	2/3		3	69	1	2	
169	169	19/24	1/24		1/16	2/3		1	67	1	2	
169	169	5/6	1/24		1/16	2/3		6	66	1	2	
169	169	7/8	1/24		1/16	2/3		1	67	1	2	
169	169	11/12	1/24		1/16	2/3		3	69	1	2	
169	169	23/24	1/24		1/16	2/3		5	71	1	2	
170	170	0	1/4		1/4	1		7	49	3	1	
170	170	0	1/4		1/4	1		4	52	2	1	
170	170	0	1/24		1/16	2/3		7	73	1	1	
170	170	1/24	1/24		1/16	2/3		5	71	1	1	
170	170	1/12	1/24		1/16	2/3		3	69	1	1	
170	170	1/8	1/24		1/16	2/3		5	71	1	1	
170	170	1/6	1/24		1/16	2/3		7	73	1	1	
170	170	5/24	1/24		1/16	2/3		2	74	1	1	
170	170	1/4	1/4		1/4	1		0	48	3	1	
170	170	1/4	1/2		1/2	1		3	57	2	1	
170	170	1/4	1/24		1/16	2/3		4	76	1	1	
170	170	7/24	1/24		1/16	2/3		2	74	1	1	
170	170	1/3	1/24		1/16	2/3		0	72	1	1	
170	170	3/8	1/24		1/16	2/3		2	74	1	1	
170	170	5/12	1/24		1/16	2/3		4	76	1	1	
170	170	11/24	1/24		1/16	2/3		-1	77	1	1	
170	170	1/2	1/4		1/4	1		5	47	3	1	
170	170	1/2	1/24		1/16	2/3		1	79	1	1	
170	170	13/24	1/24		1/16	2/3		3	81	1	1	
170	170	7/12	1/24		1/16	2/3		1	79	1	1	
170	170	5/8	1/24		1/16	2/3		-1	77	1	1	
170	170	2/3	1/24		1/16	2/3		1	79	1	1	
170	170	17/24	1/24		1/16	2/3		3	81	1	1	
170	170	3/4	1/4		1/4	1		-2	46	3	1	
170	170	3/4	1/4		1/4	1		1	55	2	1	
170	170	3/4	1/24		1/16	2/3		1	79	1	1	
170	170	19/24	1/24		1/16	2/3		-1	77	1	1	
170	170	5/6	1/24		1/16	2/3		1	79	1	1	
170	170	7/8	1/24		1/16	2/3		-1	77	1	1	
170	170	11/12	1/24		1/16	2/3		4	76	1	1	
170	170	23/24	1/24		1/16	2/3		2	74	1	1	
171	171	0	1.0		1.0	1		3	45	3	1	
171	171	0	1/4		1/4	1		3	57	2	1	
171	171	0	1.0		1.0	1		7	73	1	1	
171	171	1/4	1/8		1/8	1		1	55	2	1	
171	171	1/4	1/4		1/4	1		3	69	1	2	
171	171	3/8	1/8		1/8	1		-1	53	2	1	
171	171	1/2	1/2		1/2	1		4	52	2	1	
171	171	1/2	1/4		1/4	1		3	69	1	2	
171	171	3/4	1/4		1/4	1		3	69	1	2	
172	172	0	1/4		1/4	1		8	68	1	2	
172	172	1/4	1/4		1/4	1		1	67	1	2	
172	172	1/4	1/4		1/4	1		2	74	1	1	
172	172	1/2	1/4		1/4	1		6	66	1	2	
172	172	1/2	1/4		1/4	1		2	74	1	1	
172	172	3/4	1/4		1/4	1		-1	65	1	2	
172	172	3/4	1/4		1/4	1		2	74	1	1	
173	173	0	1/2		1/2	1		4	64	1	2	
173	173	0	1/4		1/4	1		7	73	1	1	
173	173	1/4	1/4		1/4	1		0	72	1	1	
173	173	1/2	1/4		1/4	1		5	71	1	1	
173	173	3/4	1/4		1/4	1		2	62	2	1	
173	173	3/4	1/4		1/4	1		-1	65	1	2	
173	173	3/4	1/4		1/4	1		-2	70	1	1	
174	174	0	1/4		1/4	1		2	62	2	1	
174	174	0	1/4		1/4	1		-1	65	1	2	
174	174	0	1/2		1/2	1		3	69	1	1	
174	174	1/4	1/4		1/4	1		2	62	2	1	
174	174	1/4	1/4		1/4	1		-1	65	1	2	
174	174	1/2	1/4		1/4	1		7	61	2	1	
174	174	1/2	1/4		1/4	1		4	64	1	2	
174	174	3/4	1/4		1/4	1		0	60	2	1	
174	174	3/4	1/4		1/4	1		4	64	1	2	
174	174	3/4	1/4		1/4	1		1	67	1	1	
175	175	0	1/4		1/4	1		5	59	2	1	
175	175	0	1/2		1/2	1		2	62	1	2	
175	175	0	1/4		1/4	1		1	67	1	1	
175	175	1/4	1/4		1/4	1		-2	58	2	1	
175	175	1/4	1/4		1/4	1		1	67	1	1	
175	175	1/2	1/2		1/2	1	1	3	57	2	1	
175	175	1/2	1/4		1/4	1		6	66	1	1	
175	175	3/4	1/4		1/4	1	1	2	62	1	2	
175	175	3/4	1/4		1/4	1		-1	65	1	1	
176	176	0	1/2		1/2	1	-1	3	57	2	1	
176	176	0	1/4		1/4	1	-1	2	62	1	2	
176	176	0	1/4		1/4	1		4	64	1	1	
176	176	1/4	1/4		1/4	1		0	60	1	2	
176	176	1/4	1/4		1/4	1		-3	63	1	1	
176	176	1/2	1/4		1/4	1		-2	58	1	2	
176	176	1/2	3/8		1/4	3/2		2	62	1	1	
176	176	3/4	1/4		1/4	1		2	50	3	1	
176	176	3/4	1/8		1/8	1		3	57	1	2	
176	176	7/8	1/8		1/8	1		1	55	1	2	
176	176	7/8	1/8		1/8	1		4	64	1	1	
177	177	0	1/4		1/4	1		2	50	3	1	
177	177	0	1/2		1/2	1		-1	53	1	2	
177	177	0	3/8		1/4	3/2		-1	65	1	1	
177	177	1/4	1/4		1/4	1		2	50	3	1	
177	177	1/4	1/4		1/4	1		3	57	2	1	
177	177	3/8	1/8		1/8	1		1	67	1	1	
177	177	1/2	1/4		1/4	1		7	49	3	1	
177	177	1/2	1/4		1/4	1		3	57	2	1	
177	177	1/2	1/2		1/2	1		3	69	1	1	
177	177	3/4	1/4		1/4	1		0	48	3	1	
177	177	3/4	1/4		1/4	1		3	57	2	1	
178	178	0	1/4		1/4	1		5	47	3	1	
178	178	0	1/4		1/4	1		8	56	2	1	
178	178	1/4	1/4		1/4	1		-2	46	3	1	
178	178	1/4	1/4		1/4	1		1	55	2	1	
178	178	1/4	1/4		1/4	1		2	74	1	1	
178	178	1/2	1/2		1/2	1		3	45	3	1	
178	178	1/2	1/4		1/4	1		6	54	2	1	
178	178	1/2	1/4		1/4	1		2	74	1	1	
178	178	3/4	1/4		1/4	1		-1	53	2	1	
178	178	3/4	1/4		1/4	1		3	69	1	2	
178	178	3/4	1/4		1/4	1		2	74	1	1	
179	179	0	1/8		1/8	1		3	45	3	1	
179	179	0	1/2		1/2	1		4	52	2	1	
179	179	0	1/4		1/4	1		3	69	1	2	
179	179	0	1/4		1/4	1		7	73	1	1	
179	179	1/8	1/8		1/8	1		5	47	3	1	
179	179	1/4	1/8		1/8	1		0	48	3	1	
179	179	1/4	1/4		1/4	1		3	69	1	2	
179	179	1/4	1/4		1/4	1		0	72	1	1	
179	179	3/8	1/8		1/8	1		2	50	3	1	
179	179	1/2	1/8		1/8	1		4	52	3	1	
179	179	1/2	1/4		1/4	1		8	68	1	2	
179	179	1/2	1/4		1/4	1		5	71	1	1	
179	179	5/8	1/8		1/8	1		-1	53	3	1	
179	179	3/4	1/4		1/4	1		1	55	3	1	
179	179	3/4	1/4		1/4	1		2	62	2	1	
179	179	3/4	1/4		1/4	1		1	67	1	2	
179	179	3/4	1/4		1/4	1		-2	70	1	1	
180	180	0	1/8		1/8	1		2	50	3	1	
180	180	0	1/4		1/4	1		2	62	2	1	
180	180	0	1/4		1/4	1		6	66	1	2	
180	180	0	3/8		1/4	3/2		3	69	1	1	
180	180	1/8	1/8		1/8	1		4	52	3	1	
180	180	1/4	1/8		1/8	1		-1	53	3	1	
180	180	1/4	1/4		1/4	1		2	62	2	1	
180	180	1/4	1/4		1/4	1		-1	65	1	2	
180	180	3/8	1/8		1/8	1		1	55	3	1	
180	180	3/8	1/8		1/8	1		5	71	1	1	
180	180	1/2	1/2		1/2	1		3	57	3	1	
180	180	1/2	1/4		1/4	1		7	61	2	1	
180	180	1/2	1/4		1/4	1		4	64	1	2	
180	180	1/2	1/8		1/8	1		7	73	1	1	
180	180	5/8	1/8		1/8	1		2	74	1	1	
180	180	3/4	1/4		1/4	1		0	60	2	1	
180	180	3/4	1/4		1/4	1	1	3	69	1	2	
180	180	3/4	1/8		1/8	1		4	76	1	1	
180	180	7/8	1/8		1/8	1		0	72	1	1	
181	181	0	1/4		1/4	1		5	59	2	1	
181	181	0	1/4		1/4	1	-1	3	69	1	2	
181	181	0	3/8		1/4	3/2		2	74	1	1	
181	181	1/4	1/4		1/4	1		-2	58	2	1	
181	181	1/4	1/4		1/4	1		1	67	1	2	
181	181	3/8	1/8		1/8	1		4	76	1	1	
181	181	1/2	1/8		1/8	1		3	57	2	1	
181	181	1/2	1/2		1/2	1		3	69	1	2	
181	181	1/2	1/4		1/4	1		-1	77	1	1	
181	181	5/8	1/8		1/8	1		5	59	2	1	
181	181	3/4	1/4		1/4	1		3	57	3	1	
181	181	3/4	1/8		1/8	1		0	60	2	1	
181	181	3/4	1/8		1/8	1		4	76	1	1	
181	181	7/8	1/8		1/8	1		2	62	2	1	
181	181	7/8	1/8		1/8	1		2	74	1	1	
182	182	0	1/4		1/4	1		3	57	3	1	
182	182	0	1/8		1/8	1		4	64	2	1	
182	182	0	1/2		1/2	1		3	69	1	2	
182	182	0	1/8		1/8	1		7	73	1	1	
182	182	1/8	1/8		1/8	1		2	62	2	1	
182	182	1/8	1/8		1/8	1		2	74	1	1	
182	182	1/4	1/4		1/4	1		3	57	3	1	
182	182	1/4	1/8		1/8	1		7	61	2	1	
182	182	1/4	1/8		1/8	1		4	76	1	1	
182	182	3/8	1/8		1/8	1		2	62	2	1	
182	182	3/8	1/16		1/16	1		2	74	1	1	
182	182	7/16	1/16		1/16	1		0	72	1	1	
182	182	1/2	1/4		1/4	1		8	56	3	1	
182	182	1/2	1/8		1/8	1		4	64	2	1	
182	182	1/2	1/8		1/8	1		5	71	1	1	
182	182	5/8	1/16		1/16	1		2	62	2	1	
182	182	5/8	1/8		1/8	1		0	72	1	1	
182	182	11/16	1/16		1/16	1		0	60	2	1	
182	182	3/4	1/4		1/4	1		1	55	3	1	
182	182	3/4	1/8		1/8	1		5	59	2	1	
182	182	3/4	1/8		1/8	1		2	74	1	1	
182	182	7/8	1/8		1/8	1		0	60	2	1	
182	182	7/8	1/16		1/16	1		0	72	1	1	
182	182	15/16	1/16		1/16	1		5	71	1	1	
183	183	0	1/4		1/4	1		6	54	3	1	
183	183	0	1/8		1/8	1		2	62	2	1	
183	183	0	1/8		1/8	1		3	69	1	1	
183	183	1/8	1/16		1/16	1		0	60	2	1	
183	183	1/8	1/8		1/8	1		5	71	1	1	
183	183	3/16	1/16		1/16	1		-2	58	2	1	
183	183	1/4	1/4		1/4	1		-1	53	3	1	
183	183	1/4	1/8		1/8	1		3	57	2	1	
183	183	1/4	1/8		1/8	1		0	72	1	1	
183	183	3/8	1/8		1/8	1		5	59	2	1	
183	183	3/8	1/16		1/16	1		5	71	1	1	
183	183	7/16	1/16		1/16	1		3	69	1	1	
183	183	1/2	1/2		1/2	1		4	52	3	1	
183	183	1/2	1/4		1/4	1		0	60	2	1	
183	183	1/2	1/8		1/8	1		1	67	1	1	
183	183	5/8	1/8		1/8	1		4	64	1	2	
183	183	5/8	1/4		1/4	1		3	69	1	1	
183	183	3/4	1/4		1/4	1		5	59	2	1	
183	183	3/4	1/8		1/8	1		4	64	1	2	
183	183	7/8	1/8		1/8	1		4	64	1	2	
183	183	7/8	1/8		1/8	1		1	67	1	1	
184	184	0	1.0		1.0	1	1	3	45	3	1	
184	184	0	1/2		1/2	1		0	60	1	2	
184	184	0	1/4		1/4	1		-1	65	1	1	
184	184	1/8	1/8		1/8	1		3	57	2	1	
184	184	1/4	1/8		1/8	1		3	57	2	1	
184	184	1/4	1/2		1/2	1		4	64	1	1	
184	184	3/8	1/8		1/8	1		3	57	2	1	
184	184	1/2	1/8		1/8	1		8	56	2	1	
184	184	5/8	1/8		1/8	1		1	55	2	1	
184	184	3/4	1/8		1/8	1		6	54	2	1	
184	184	3/4	1/4		1/4	1		2	62	1	1	
184	184	7/8	1/8		1/8	1		-1	53	2	1	
185	185	0	1.0		1.0	1	0	3	45	3	1	
185	185	0	3/4		1/2	3/2		7	49	2	1	
185	185	0	3/4		1/2	3/2		4	64	1	2	
185	185	1/8	1/8		1/8	1		3	69	1	1	
185	185	1/4	1/8		1/8	1		3	69	1	1	
185	185	3/8	1/8		1/8	1		3	69	1	1	
185	185	1/2	1/8		1/8	1		8	68	1	1	
185	185	5/8	1/8		1/8	1		1	67	1	1	
185	185	3/4	1/4		1/4	1		2	50	2	1	
185	185	3/4	1/4		1/4	1		2	62	1	2	
185	185	3/4	1/8		1/8	1		6	66	1	1	
185	185	7/8	1/8		1/8	1		-1	65	1	1	
186	186	0	1.0		1.0	1	0	3	45	3	1	
186	186	0	1/8		1/8	1		4	52	2	1	
186	186	0	3/4		1/2	3/2		0	60	1	2	
186	186	0	1/4		1/4	1		4	64	1	1	
186	186	1/8	1/8		1/8	1		3	57	2	1	
186	186	1/4	1/8		1/8	1		3	57	2	1	
186	186	1/4	1/4		1/4	1		-1	65	1	1	
186	186	3/8	1/8		1/8	1		3	57	2	1	
186	186	1/2	1/8		1/8	1		8	56	2	1	
186	186	1/2	1/4		1/4	1		4	64	1	1	
186	186	5/8	1/8		1/8	1		1	55	2	1	
186	186	3/4	1/8		1/8	1		6	54	2	1	
186	186	3/4	1/4		1/4	1		3	57	1	2	
186	186	3/4	1/4		1/4	1		2	62	1	1	
186	186	7/8	1/8		1/8	1		-1	53	2	1	
187	187	0	1.0		1.0	1	-1	3	45	3	1	
187	187	0	1.0		1.0	1		4	52	2	1	
187	187	0	1.0		1.0	1		3	57	1	2	
187	187	0	1/16		1/16	1		7	61	1	1	
187	187	1/16	1/16		1/16	1		2	62	1	1	
187	187	1/8	1/16		1/16	1		4	64	1	1	
187	187	3/16	1/16		1/16	1		2	62	1	1	
187	187	1/4	1/16		1/16	1		4	64	1	1	
187	187	5/16	1/16		1/16	1		2	62	1	1	
187	187	3/8	1/16		1/16	1		5	59	1	1	
187	187	7/16	1/16		1/16	1		7	61	1	1	
187	187	1/2	1/16		1/16	1		2	62	1	1	
187	187	9/16	1/16		1/16	1		7	61	1	1	
187	187	5/8	1/16		1/16	1		2	62	1	1	
187	187	11/16	1/16		1/16	1		7	61	1	1	
187	187	3/4	1/16		1/16	1		2	62	1	1	
187	187	13/16	1/16		1/16	1		7	61	1	1	
187	187	7/8	1/16		1/16	1		5	59	1	1	
187	187	15/16	1/16		1/16	1		7	61	1	1	
188	188	0	1.0		1.0	1	1	2	50	3	1	
188	188	0	3/8		1/4	3/2		6	54	2	1	
188	188	0	1/8		1/8	1		2	62	1	1	
188	188	1/8	1/8		1/8	1		2	74	1	1	
188	188	1/4	1/8		1/8	1		2	74	1	1	
188	188	3/8	1/8		1/8	1		1	55	2	1	
188	188	3/8	1/8		1/8	1		2	74	1	1	
188	188	1/2	1/4		1/4	1		3	57	2	1	
188	188	1/2	1/8		1/8	1		7	73	1	1	
188	188	5/8	1/8		1/8	1		0	72	1	1	
188	188	3/4	1/4		1/4	1		1	55	2	1	
188	188	3/4	1/8		1/8	1		5	71	1	1	
188	188	7/8	1/8		1/8	1		-2	70	1	1	
189	189	0	1.0		1.0	1	0	2	50	3	1	
189	189	0	1/2		1/2	1		6	54	2	1	
189	189	0	1/4		1/4	1		3	69	1	1	
189	189	1/8	1/8		1/8	1		2	62	1	2	
189	189	1/4	1/8		1/8	1		2	62	1	2	
189	189	1/4	1/4		1/4	1		-2	70	1	1	
189	189	3/8	1/8		1/8	1		2	62	1	2	
189	189	1/2	1/8		1/8	1		7	61	1	2	
189	189	1/2	1/4		1/4	1		3	69	1	1	
189	189	5/8	1/8		1/8	1		0	60	1	2	
189	189	3/4	1/8		1/8	1		5	59	1	2	
189	189	3/4	1/4		1/4	1		1	67	1	1	
189	189	7/8	1/8		1/8	1		-2	58	1	2	
190	190	0	1.0		1.0	1	0	2	50	3	1	
190	190	0	1/4		1/4	1		3	57	1	2	
190	190	0	1/8		1/8	1		6	66	1	1	
190	190	1/8	1/8		1/8	1		2	74	1	1	
190	190	1/4	1/2		1/2	1		6	54	2	1	
190	190	1/4	1/2		1/2	1		3	69	1	2	
190	190	1/4	1/8		1/8	1		2	74	1	1	
190	190	3/8	1/8		1/8	1		2	74	1	1	
190	190	1/2	1/8		1/8	1		7	73	1	1	
190	190	5/8	1/8		1/8	1		0	72	1	1	
190	190	3/4	1/4		1/4	1		1	55	2	1	
190	190	3/4	1/4		1/4	1		1	67	1	2	
190	190	3/4	1/8		1/8	1		5	71	1	1	
190	190	7/8	1/8		1/8	1		-2	70	1	1	
191	191	0	1/4		1/4	1	-1	2	50	3	1	
191	191	0	1/4		1/4	1		3	57	2	1	
191	191	0	1/4		1/4	1		-1	65	1	2	
191	191	0	1/4		1/4	1		3	69	1	1	
191	191	1/4	3/8		1/4	3/2		1	43	3	1	
191	191	1/4	1/4		1/4	1		1	55	2	1	
191	191	1/4	1/2		1/2	1		2	62	1	2	
191	191	1/4	1/4		1/4	1		-2	70	1	1	
191	191	1/2	3/8		1/4	3/2		2	50	2	1	
191	191	1/2	1/4		1/4	1		-2	70	1	1	
191	191	5/8	1/8		1/8	1		3	45	3	1	
191	191	3/4	1/8		1/8	1		-2	46	3	1	
191	191	3/4	1/4		1/4	1		2	62	1	2	
191	191	3/4	1/4		1/4	1		-2	70	1	1	
191	191	7/8	1/8		1/8	1		0	48	3	1	
191	191	7/8	1/8		1/8	1		4	52	2	1	
192	192	0	1/8		1/8	1		2	50	3	1	
192	192	0	1/8		1/8	1		-1	53	2	1	
192	192	0	1.0		1.0	1		2	62	1	2	
192	192	0	1/2		1/2	1		3	69	1	1	
192	192	1/8	1/8		1/8	1		4	52	3	1	
192	192	1/8	1/8		1/8	1		1	55	2	1	
192	192	1/4	1/8		1/8	1		-1	53	3	1	
192	192	1/4	1/8		1/8	1		3	57	2	1	
192	192	3/8	1/8		1/8	1		2	50	3	1	
192	192	3/8	1/8		1/8	1		-1	53	2	1	
192	192	1/2	1/4		1/4	1		1	55	3	1	
192	192	1/2	1/2		1/2	1		-2	58	2	1	
192	192	1/2	1/2		1/2	1		1	67	1	1	
192	192	3/4	1/4		1/4	1		1	43	3	1	
193	193	0	1.0		1.0	1	1	2	50	3	1	
193	193	0	1.0		1.0	1	1	3	57	2	1	
193	193	0	1.0		1.0	1		2	62	1	2	
193	193	0	1/8		1/8	1		1	67	1	1	
193	193	1/8	1/16		1/16	1		6	66	1	1	
193	193	3/16	1/16		1/16	1		4	64	1	1	
193	193	1/4	1/16		1/16	1		6	66	1	1	
193	193	5/16	1/16		1/16	1		1	67	1	1	
193	193	3/8	1/16		1/16	1		3	69	1	1	
193	193	7/16	1/16		1/16	1		-2	70	1	1	
193	193	1/2	1/16		1/16	1		3	69	1	1	
193	193	9/16	1/16		1/16	1		1	67	1	1	
193	193	5/8	1/16		1/16	1		3	69	1	1	
193	193	11/16	1/16		1/16	1		1	67	1	1	
193	193	3/4	1/16		1/16	1		3	69	1	1	
193	193	13/16	1/16		1/16	1		1	67	1	1	
193	193	7/8	1/16		1/16	1		6	66	1	1	
193	193	15/16	1/16		1/16	1		4	64	1	1	
194	194	0	1.0		1.0	1	0	2	50	3	1	
194	194	0	1.0		1.0	1	0	3	57	2	1	
194	194	0	1/16		1/16	1		6	66	1	1	
194	194	1/16	1/16		1/16	1		2	62	1	1	
194	194	1/8	1/16		1/16	1		4	64	1	1	
194	194	3/16	1/16		1/16	1		6	66	1	1	
194	194	1/4	1/16		1/16	1		1	67	1	1	
194	194	5/16	1/16		1/16	1		3	69	1	1	
194	194	3/8	1/16		1/16	1		5	71	1	1	
194	194	7/16	1/16		1/16	1		0	72	1	1	
194	194	1/2	1/16		1/16	1		2	74	1	1	
194	194	9/16	1/16		1/16	1		4	76	1	1	
194	194	5/8	1/16		1/16	1		-1	77	1	1	
194	194	11/16	1/16		1/16	1		1	79	1	1	
194	194	3/4	1/24		1/16	2/3		3	81	1	1	
194	194	19/24	1/24		1/16	2/3		1	79	1	1	
194	194	5/6	1/24		1/16	2/3		3	81	1	1	
194	194	7/8	1/24		1/16	2/3		1	79	1	1	
194	194	11/12	1/24		1/16	2/3		6	78	1	1	
194	194	23/24	1/24		1/16	2/3		4	76	1	1	
195	195	0	3/4		1/2	3/2	-1	2	50	3	1	
195	195	0	3/4		1/2	3/2	-1	3	57	2	1	
195	195	0	3/4		1/2	3/2		2	62	1	2	
195	195	0	1/24		1/16	2/3		1	79	1	1	
195	195	1/24	1/24		1/16	2/3		6	78	1	1	
195	195	1/12	1/24		1/16	2/3		1	79	1	1	
195	195	1/8	1/24		1/16	2/3		6	78	1	1	
195	195	1/6	1/24		1/16	2/3		4	76	1	1	
195	195	5/24	1/24		1/16	2/3		2	74	1	1	
195	195	1/4	1/24		1/16	2/3		4	76	1	1	
195	195	7/24	1/24		1/16	2/3		2	74	1	1	
195	195	1/3	1/24		1/16	2/3		4	76	1	1	
195	195	3/8	1/24		1/16	2/3		2	74	1	1	
195	195	5/12	1/24		1/16	2/3		0	72	1	1	
195	195	11/24	1/24		1/16	2/3		5	71	1	1	
195	195	1/2	1/24		1/16	2/3		0	72	1	1	
195	195	13/24	1/24		1/16	2/3		5	71	1	1	
195	195	7/12	1/24		1/16	2/3		0	72	1	1	
195	195	5/8	1/24		1/16	2/3		5	71	1	1	
195	195	2/3	1/24		1/16	2/3		3	69	1	1	
195	195	17/24	1/24		1/16	2/3		1	67	1	1	
195	195	3/4	1/4		1/4	1		2	50	3	1	
195	195	3/4	1/4		1/4	1		3	57	2	1	
195	195	3/4	1/4		1/4	1		2	62	1	2	
195	195	3/4	1/24		1/16	2/3		3	69	1	1	
195	195	19/24	1/24		1/16	2/3		1	67	1	1	
195	195	5/6	1/24		1/16	2/3		3	69	1	1	
195	195	7/8	1/24		1/16	2/3		1	67	1	1	
195	195	11/12	1/24		1/16	2/3		6	66	1	1	
195	195	23/24	1/24		1/16	2/3		4	64	1	1	
196	196	0	1.0		1.0	1		2	38	3	1	
196	196	0	1.0		1.0	1		3	57	2	1	
196	196	0	1.0		1.0	1		2	62	1	2	
196	196	0	1.0		1.0	1		6	66	1	1	
